0,DP_CHARACTERS_000,Dexter,39,-1,42,420,0,"-1
0
0
-1
0"
1,DP_CHARACTERS_001,Jordan,39,-1,42,420,0,"-1
0
0
-1
0"
2,DP_CHARACTERS_002,Keira,39,-1,42,420,0,"-1
0
0
-1
0"
3,DP_CHARACTERS_003,Dexter,39,-1,42,420,0,"-1
0
0
-1
0"
4,DP_CHARACTERS_004,Jordan,39,-1,42,420,0,"-1
0
0
-1
0"
5,DP_CHARACTERS_005,Keira,39,-1,42,420,0,"-1
0
0
-1
0"
6,DP_CHARACTERS_006,Dexter,39,-1,42,420,0,"-1
0
0
-1
0"
7,DP_CHARACTERS_007,Jordan,39,-1,42,420,0,"-1
0
0
-1
0"
8,DP_CHARACTERS_008,Keira,39,-1,42,420,0,"-1
0
0
-1
0"
9,DP_CHARACTERS_009,Dexter,39,-1,42,420,0,"-1
0
0
-1
0"
10,DP_CHARACTERS_010,Jordan,39,-1,42,420,0,"-1
0
0
-1
0"
11,DP_CHARACTERS_011,Keira,39,-1,42,420,0,"-1
0
0
-1
0"
12,DP_CHARACTERS_012,Sparky,39,-1,42,420,0,"-1
0
0
-1
0"
13,DP_CHARACTERS_013,Luis,39,-1,42,420,0,"-1
0
0
-1
0"
14,DP_CHARACTERS_014,Whiskers,39,-1,42,420,0,"-1
0
0
-1
0"
15,DP_CHARACTERS_015,Lacey,39,-1,42,420,0,"-1
0
0
-1
0"
16,DP_CHARACTERS_016,Flappy,39,-1,42,420,0,"-1
0
0
-1
0"
17,DP_CHARACTERS_017,Connor,39,-1,42,420,0,"-1
0
0
-1
0"
18,DP_CHARACTERS_018,Dots,39,-1,42,420,0,"-1
0
0
-1
0"
19,DP_CHARACTERS_019,Dakota,39,-1,42,420,0,"-1
0
0
-1
0"
20,DP_CHARACTERS_020,Precious,39,-1,42,420,0,"-1
0
0
-1
0"
21,DP_CHARACTERS_021,Gabriel,39,-1,42,420,0,"-1
0
0
-1
0"
22,DP_CHARACTERS_022,Flick,39,-1,42,420,0,"-1
0
0
-1
0"
23,DP_CHARACTERS_023,Tiffany,39,-1,42,420,0,"-1
0
0
-1
0"
24,DP_CHARACTERS_024,Dizzy,39,-1,42,420,0,"-1
0
0
-1
0"
25,DP_CHARACTERS_025,Westley,39,-1,42,420,0,"-1
0
0
-1
0"
26,DP_CHARACTERS_026,Sprout,39,-1,42,420,0,"-1
0
0
-1
0"
27,DP_CHARACTERS_027,Anna,39,-1,42,420,0,"-1
0
0
-1
0"
28,DP_CHARACTERS_028,Hootie,39,-1,42,420,0,"-1
0
0
-1
0"
29,DP_CHARACTERS_029,Corey,39,-1,42,420,0,"-1
0
0
-1
0"
30,DP_CHARACTERS_030,Batty,39,-1,42,420,0,"-1
0
0
-1
0"
31,DP_CHARACTERS_031,Sara,39,-1,42,420,0,"-1
0
0
-1
0"
32,DP_CHARACTERS_032,Wiggy,39,-1,42,420,0,"-1
0
0
-1
0"
33,DP_CHARACTERS_033,Ian,39,-1,42,420,0,"-1
0
0
-1
0"
34,DP_CHARACTERS_034,Pit,39,-1,42,420,0,"-1
0
0
-1
0"
35,DP_CHARACTERS_035,Heather,39,-1,42,420,0,"-1
0
0
-1
0"
36,DP_CHARACTERS_036,Merry,39,-1,42,420,0,"-1
0
0
-1
0"
37,DP_CHARACTERS_037,Marcus,39,-1,42,420,0,"-1
0
0
-1
0"
38,DP_CHARACTERS_038,Weasy,39,-1,42,420,0,"-1
0
0
-1
0"
39,DP_CHARACTERS_039,Erin,39,-1,42,420,0,"-1
0
0
-1
0"
40,DP_CHARACTERS_040,Wheelie,39,-1,42,420,0,"-1
0
0
-1
0"
41,DP_CHARACTERS_041,Shane,39,-1,42,420,0,"-1
0
0
-1
0"
42,DP_CHARACTERS_042,Choppy,39,-1,42,420,0,"-1
0
0
-1
0"
43,DP_CHARACTERS_043,Marissa,39,-1,42,420,0,"-1
0
0
-1
0"
44,DP_CHARACTERS_044,Rocky,39,-1,42,420,0,"-1
0
0
-1
0"
45,DP_CHARACTERS_045,Victor,39,-1,42,420,0,"-1
0
0
-1
0"
46,DP_CHARACTERS_046,Goldy,39,-1,42,420,0,"-1
0
0
-1
0"
47,DP_CHARACTERS_047,Brooke,39,-1,42,420,0,"-1
0
0
-1
0"
48,DP_CHARACTERS_048,Buffy,39,-1,42,420,0,"-1
0
0
-1
0"
49,DP_CHARACTERS_049,Tanner,39,-1,42,420,0,"-1
0
0
-1
0"
50,DP_CHARACTERS_050,Bucky,39,-1,42,420,0,"-1
0
0
-1
0"
51,DP_CHARACTERS_051,Renee,39,-1,42,420,0,"-1
0
0
-1
0"
52,DP_CHARACTERS_052,Chewy,39,-1,42,420,0,"-1
0
0
-1
0"
53,DP_CHARACTERS_053,Isaac,39,-1,42,420,0,"-1
0
0
-1
0"
54,DP_CHARACTERS_054,Hoots,39,-1,42,420,0,"-1
0
0
-1
0"
55,DP_CHARACTERS_055,Alexus,39,-1,42,420,0,"-1
0
0
-1
0"
56,DP_CHARACTERS_056,Pebbles,39,-1,42,420,0,"-1
0
0
-1
0"
57,DP_CHARACTERS_057,Jorge,39,-1,42,420,0,"-1
0
0
-1
0"
58,DP_CHARACTERS_058,Blaze,39,-1,42,420,0,"-1
0
0
-1
0"
59,DP_CHARACTERS_059,Cora,39,-1,42,420,0,"-1
0
0
-1
0"
60,DP_CHARACTERS_060,Ohm,39,-1,42,420,0,"-1
0
0
-1
0"
61,DP_CHARACTERS_061,Chase,39,-1,42,420,0,"-1
0
0
-1
0"
62,DP_CHARACTERS_062,Slappy,39,-1,42,420,0,"-1
0
0
-1
0"
63,DP_CHARACTERS_063,Katie,39,-1,42,420,0,"-1
0
0
-1
0"
64,DP_CHARACTERS_064,Beardy,39,-1,42,420,0,"-1
0
0
-1
0"
65,DP_CHARACTERS_065,Dominic,39,-1,42,420,0,"-1
0
0
-1
0"
66,DP_CHARACTERS_066,Gnawby,39,-1,42,420,0,"-1
0
0
-1
0"
67,DP_CHARACTERS_067,Sierra,39,-1,42,420,0,"-1
0
0
-1
0"
68,DP_CHARACTERS_068,Stripe,39,-1,42,420,0,"-1
0
0
-1
0"
69,DP_CHARACTERS_069,Keith,39,-1,42,420,0,"-1
0
0
-1
0"
70,DP_CHARACTERS_070,Sluggo,39,-1,42,420,0,"-1
0
0
-1
0"
71,DP_CHARACTERS_071,Julia,39,-1,42,420,0,"-1
0
0
-1
0"
72,DP_CHARACTERS_072,Auric,39,-1,42,420,0,"-1
0
0
-1
0"
73,DP_CHARACTERS_073,Brendan,39,-1,42,420,0,"-1
0
0
-1
0"
74,DP_CHARACTERS_074,Stinky,39,-1,42,420,0,"-1
0
0
-1
0"
75,DP_CHARACTERS_075,Amy,39,-1,42,420,0,"-1
0
0
-1
0"
76,DP_CHARACTERS_076,Saucy,39,-1,42,420,0,"-1
0
0
-1
0"
77,DP_CHARACTERS_077,Chad,39,-1,42,420,0,"-1
0
0
-1
0"
78,DP_CHARACTERS_078,Mimi,39,-1,42,420,0,"-1
0
0
-1
0"
79,DP_CHARACTERS_079,Caitlin,39,-1,42,420,0,"-1
0
0
-1
0"
80,DP_CHARACTERS_080,Cheri,39,-1,42,420,0,"-1
0
0
-1
0"
81,DP_CHARACTERS_081,Martin,39,-1,42,420,0,"-1
0
0
-1
0"
82,DP_CHARACTERS_082,Flex,39,-1,42,420,0,"-1
0
0
-1
0"
83,DP_CHARACTERS_083,Kathryn,39,-1,42,420,0,"-1
0
0
-1
0"
84,DP_CHARACTERS_084,Missy,39,-1,42,420,0,"-1
0
0
-1
0"
85,DP_CHARACTERS_085,Randal,39,-1,42,420,0,"-1
0
0
-1
0"
86,DP_CHARACTERS_086,Happy,39,-1,42,420,0,"-1
0
0
-1
0"
87,DP_CHARACTERS_087,Sidney,39,-1,42,420,0,"-1
0
0
-1
0"
88,DP_CHARACTERS_088,Chimer,39,-1,42,420,0,"-1
0
0
-1
0"
89,DP_CHARACTERS_089,Xavier,39,-1,42,420,0,"-1
0
0
-1
0"
90,DP_CHARACTERS_090,Glimmer,39,-1,42,420,0,"-1
0
0
-1
0"
91,DP_CHARACTERS_091,Monica,39,-1,42,420,0,"-1
0
0
-1
0"
92,DP_CHARACTERS_092,Piki,39,-1,42,420,0,"-1
0
0
-1
0"
93,DP_CHARACTERS_093,Frank,39,-1,42,420,0,"-1
0
0
-1
0"
94,DP_CHARACTERS_094,Blingy,39,-1,42,420,0,"-1
0
0
-1
0"
95,DP_CHARACTERS_095,Leah,39,-1,42,420,0,"-1
0
0
-1
0"
96,DP_CHARACTERS_096,Kata,39,-1,42,420,0,"-1
0
0
-1
0"
97,DP_CHARACTERS_097,Julian,39,-1,42,420,0,"-1
0
0
-1
0"
98,DP_CHARACTERS_098,Flash,39,-1,42,420,0,"-1
0
0
-1
0"
99,DP_CHARACTERS_099,Bianca,39,-1,42,420,0,"-1
0
0
-1
0"
100,DP_CHARACTERS_100,Spooky,39,-1,42,420,0,"-1
0
0
-1
0"
101,DP_CHARACTERS_101,Mario,39,-1,42,420,0,"-1
0
0
-1
0"
102,DP_CHARACTERS_102,Gem,39,-1,42,420,0,"-1
0
0
-1
0"
103,DP_CHARACTERS_103,Lara,39,-1,42,420,0,"-1
0
0
-1
0"
104,DP_CHARACTERS_104,Brainy,39,-1,42,420,0,"-1
0
0
-1
0"
105,DP_CHARACTERS_105,Alan,39,-1,42,420,0,"-1
0
0
-1
0"
106,DP_CHARACTERS_106,Elory,39,-1,42,420,0,"-1
0
0
-1
0"
107,DP_CHARACTERS_107,Bria,39,-1,42,420,0,"-1
0
0
-1
0"
108,DP_CHARACTERS_108,Malice,39,-1,42,420,0,"-1
0
0
-1
0"
109,DP_CHARACTERS_109,Collin,39,-1,42,420,0,"-1
0
0
-1
0"
110,DP_CHARACTERS_110,Ponder,39,-1,42,420,0,"-1
0
0
-1
0"
111,DP_CHARACTERS_111,Alexis,39,-1,42,420,0,"-1
0
0
-1
0"
112,DP_CHARACTERS_112,Buddy,39,-1,42,420,0,"-1
0
0
-1
0"
113,DP_CHARACTERS_113,Andre,39,-1,42,420,0,"-1
0
0
-1
0"
114,DP_CHARACTERS_114,Tweety,39,-1,42,420,0,"-1
0
0
-1
0"
115,DP_CHARACTERS_115,Bridget,39,-1,42,420,0,"-1
0
0
-1
0"
116,DP_CHARACTERS_116,Jangle,39,-1,42,420,0,"-1
0
0
-1
0"
117,DP_CHARACTERS_117,Damien,39,-1,42,420,0,"-1
0
0
-1
0"
118,DP_CHARACTERS_118,Bronzy,39,-1,42,420,0,"-1
0
0
-1
0"
119,DP_CHARACTERS_119,Kara,39,-1,42,420,0,"-1
0
0
-1
0"
120,DP_CHARACTERS_120,Chokkan,39,-1,42,420,0,"-1
0
0
-1
0"
121,DP_CHARACTERS_121,Angus,39,-1,42,420,0,"-1
0
0
-1
0"
122,DP_CHARACTERS_122,Midnight,39,-1,42,420,0,"-1
0
0
-1
0"
123,DP_CHARACTERS_123,Kiana,39,-1,42,420,0,"-1
0
0
-1
0"
124,DP_CHARACTERS_124,Sweetie,39,-1,42,420,0,"-1
0
0
-1
0"
125,DP_CHARACTERS_125,Jonesy,39,-1,42,420,0,"-1
0
0
-1
0"
126,DP_CHARACTERS_126,Floppy,39,-1,42,420,0,"-1
0
0
-1
0"
127,DP_CHARACTERS_127,Hayley,39,-1,42,420,0,"-1
0
0
-1
0"
128,DP_CHARACTERS_128,Honey,39,-1,42,420,0,"-1
0
0
-1
0"
129,DP_CHARACTERS_129,Alfredo,39,-1,42,420,0,"-1
0
0
-1
0"
130,DP_CHARACTERS_130,Baby,39,-1,42,420,0,"-1
0
0
-1
0"
131,DP_CHARACTERS_131,Bailey,39,-1,42,420,0,"-1
0
0
-1
0"
132,DP_CHARACTERS_132,Ziggy,39,-1,42,420,0,"-1
0
0
-1
0"
133,DP_CHARACTERS_133,Josiah,39,-1,42,420,0,"-1
0
0
-1
0"
134,DP_CHARACTERS_134,Bumbles,39,-1,42,420,0,"-1
0
0
-1
0"
135,DP_CHARACTERS_135,Carly,39,-1,42,420,0,"-1
0
0
-1
0"
136,DP_CHARACTERS_136,Chopper,39,-1,42,420,0,"-1
0
0
-1
0"
137,DP_CHARACTERS_137,Bryant,39,-1,42,420,0,"-1
0
0
-1
0"
138,DP_CHARACTERS_138,Boo,39,-1,42,420,0,"-1
0
0
-1
0"
139,DP_CHARACTERS_139,Nancy,39,-1,42,420,0,"-1
0
0
-1
0"
140,DP_CHARACTERS_140,Speedy,39,-1,42,420,0,"-1
0
0
-1
0"
141,DP_CHARACTERS_141,Zackery,39,-1,42,420,0,"-1
0
0
-1
0"
142,DP_CHARACTERS_142,Chimpy,39,-1,42,420,0,"-1
0
0
-1
0"
143,DP_CHARACTERS_143,Robin,39,-1,42,420,0,"-1
0
0
-1
0"
144,DP_CHARACTERS_144,Penny,39,-1,42,420,0,"-1
0
0
-1
0"
145,DP_CHARACTERS_145,Elias,39,-1,42,420,0,"-1
0
0
-1
0"
146,DP_CHARACTERS_146,Rampy,39,-1,42,420,0,"-1
0
0
-1
0"
147,DP_CHARACTERS_147,Marisa,39,-1,42,420,0,"-1
0
0
-1
0"
148,DP_CHARACTERS_148,Zippy,39,-1,42,420,0,"-1
0
0
-1
0"
149,DP_CHARACTERS_149,Kelvin,39,-1,42,420,0,"-1
0
0
-1
0"
150,DP_CHARACTERS_150,Bebop,39,-1,42,420,0,"-1
0
0
-1
0"
151,DP_CHARACTERS_151,Chloe,39,-1,42,420,0,"-1
0
0
-1
0"
152,DP_CHARACTERS_152,Twigs,39,-1,42,420,0,"-1
0
0
-1
0"
153,DP_CHARACTERS_153,Rodney,39,-1,42,420,0,"-1
0
0
-1
0"
154,DP_CHARACTERS_154,Moppet,39,-1,42,420,0,"-1
0
0
-1
0"
155,DP_CHARACTERS_155,Hailey,39,-1,42,420,0,"-1
0
0
-1
0"
156,DP_CHARACTERS_156,Strix,39,-1,42,420,0,"-1
0
0
-1
0"
157,DP_CHARACTERS_157,Kaleb,39,-1,42,420,0,"-1
0
0
-1
0"
158,DP_CHARACTERS_158,Murky,39,-1,42,420,0,"-1
0
0
-1
0"
159,DP_CHARACTERS_159,Ashlyn,39,-1,42,420,0,"-1
0
0
-1
0"
160,DP_CHARACTERS_160,Noodle,39,-1,42,420,0,"-1
0
0
-1
0"
161,DP_CHARACTERS_161,Alberto,39,-1,42,420,0,"-1
0
0
-1
0"
162,DP_CHARACTERS_162,Loony,39,-1,42,420,0,"-1
0
0
-1
0"
163,DP_CHARACTERS_163,Fantina,39,-1,42,420,0,"-1
0
0
-1
0"
164,DP_CHARACTERS_164,Jumpy,39,-1,42,420,0,"-1
0
0
-1
0"
165,DP_CHARACTERS_165,Johanna,39,-1,42,420,0,"-1
0
0
-1
0"
166,DP_CHARACTERS_166,Jolt,39,-1,42,420,0,"-1
0
0
-1
0"
167,DP_CHARACTERS_167,Kristin,39,-1,42,420,0,"-1
0
0
-1
0"
168,DP_CHARACTERS_168,Pinky,39,-1,42,420,0,"-1
0
0
-1
0"
169,DP_CHARACTERS_169,Casey,39,-1,42,420,0,"-1
0
0
-1
0"
170,DP_CHARACTERS_170,Rusty,39,-1,42,420,0,"-1
0
0
-1
0"
171,DP_CHARACTERS_171,Jasmine,39,-1,42,420,0,"-1
0
0
-1
0"
172,DP_CHARACTERS_172,Chuchu,39,-1,42,420,0,"-1
0
0
-1
0"
173,DP_CHARACTERS_173,Gage,39,-1,42,420,0,"-1
0
0
-1
0"
174,DP_CHARACTERS_174,Tootie,39,-1,42,420,0,"-1
0
0
-1
0"
175,DP_CHARACTERS_175,Raven,39,-1,42,420,0,"-1
0
0
-1
0"
176,DP_CHARACTERS_176,Iggy,39,-1,42,420,0,"-1
0
0
-1
0"
177,DP_CHARACTERS_177,Marquis,39,-1,42,420,0,"-1
0
0
-1
0"
178,DP_CHARACTERS_178,Punchy,39,-1,42,420,0,"-1
0
0
-1
0"
179,DP_CHARACTERS_179,Jocelyn,39,-1,42,420,0,"-1
0
0
-1
0"
180,DP_CHARACTERS_180,Quackers,39,-1,42,420,0,"-1
0
0
-1
0"
181,DP_CHARACTERS_181,Carson,39,-1,42,420,0,"-1
0
0
-1
0"
182,DP_CHARACTERS_182,Juicy,39,-1,42,420,0,"-1
0
0
-1
0"
183,DP_CHARACTERS_183,Jade,39,-1,42,420,0,"-1
0
0
-1
0"
184,DP_CHARACTERS_184,Stubby,39,-1,42,420,0,"-1
0
0
-1
0"
185,DP_CHARACTERS_185,Zane,39,-1,42,420,0,"-1
0
0
-1
0"
186,DP_CHARACTERS_186,Kiddo,39,-1,42,420,0,"-1
0
0
-1
0"
187,DP_CHARACTERS_187,Kiara,39,-1,42,420,0,"-1
0
0
-1
0"
188,DP_CHARACTERS_188,Smiley,39,-1,42,420,0,"-1
0
0
-1
0"
189,DP_CHARACTERS_189,Allan,39,-1,42,420,0,"-1
0
0
-1
0"
190,DP_CHARACTERS_190,Fluffy,39,-1,42,420,0,"-1
0
0
-1
0"
191,DP_CHARACTERS_191,Evelyn,39,-1,42,420,0,"-1
0
0
-1
0"
192,DP_CHARACTERS_192,Chirpy,39,-1,42,420,0,"-1
0
0
-1
0"
193,DP_CHARACTERS_193,Celeste,39,-1,42,420,0,"-1
0
0
-1
0"
194,DP_CHARACTERS_194,Zoomer,39,-1,42,420,0,"-1
0
0
-1
0"
195,DP_CHARACTERS_195,Jakob,39,-1,42,420,0,"-1
0
0
-1
0"
196,DP_CHARACTERS_196,Zapachu,39,-1,42,420,0,"-1
0
0
-1
0"
197,DP_CHARACTERS_197,Reid,39,-1,42,420,0,"-1
0
0
-1
0"
198,DP_CHARACTERS_198,Blinky,39,-1,42,420,0,"-1
0
0
-1
0"
199,DP_CHARACTERS_199,Anne,39,-1,42,420,0,"-1
0
0
-1
0"
200,DP_CHARACTERS_200,Chip,39,-1,42,420,0,"-1
0
0
-1
0"
201,DP_CHARACTERS_201,Tylor,39,-1,42,420,0,"-1
0
0
-1
0"
202,DP_CHARACTERS_202,Jabber,39,-1,42,420,0,"-1
0
0
-1
0"
203,DP_CHARACTERS_203,Gina,39,-1,42,420,0,"-1
0
0
-1
0"
204,DP_CHARACTERS_204,Lucas,39,-1,42,420,0,"-1
0
0
-1
0"
205,DP_CHARACTERS_205,Dawn,39,-1,42,420,0,"-1
0
0
-1
0"
206,DP_CHARACTERS_206,Diamond,39,-1,42,420,0,"-1
0
0
-1
0"
207,DP_CHARACTERS_207,Ash,39,-1,42,420,0,"-1
0
0
-1
0"
208,DP_CHARACTERS_208,Nic,39,-1,42,420,0,"-1
0
0
-1
0"
209,DP_CHARACTERS_209,Jimmy,39,-1,42,420,0,"-1
0
0
-1
0"
210,DP_CHARACTERS_210,Duncan,39,-1,42,420,0,"-1
0
0
-1
0"
211,DP_CHARACTERS_211,Todd,39,-1,42,420,0,"-1
0
0
-1
0"
212,DP_CHARACTERS_212,Ross,39,-1,42,420,0,"-1
0
0
-1
0"
213,DP_CHARACTERS_213,Steven,39,-1,42,420,0,"-1
0
0
-1
0"
214,DP_CHARACTERS_214,Darrell,39,-1,42,420,0,"-1
0
0
-1
0"
215,DP_CHARACTERS_215,Reed,39,-1,42,420,0,"-1
0
0
-1
0"
216,DP_CHARACTERS_216,Chris,39,-1,42,420,0,"-1
0
0
-1
0"
217,DP_CHARACTERS_217,Brad,39,-1,42,420,0,"-1
0
0
-1
0"
218,DP_CHARACTERS_218,Dwight,39,-1,42,420,0,"-1
0
0
-1
0"
219,DP_CHARACTERS_219,Randy,39,-1,42,420,0,"-1
0
0
-1
0"
220,DP_CHARACTERS_220,Andy,39,-1,42,420,0,"-1
0
0
-1
0"
221,DP_CHARACTERS_221,Joey,39,-1,42,420,0,"-1
0
0
-1
0"
222,DP_CHARACTERS_222,Eric,39,-1,42,420,0,"-1
0
0
-1
0"
223,DP_CHARACTERS_223,Mark,39,-1,42,420,0,"-1
0
0
-1
0"
224,DP_CHARACTERS_224,Diamond,39,-1,42,420,0,"-1
0
0
-1
0"
225,DP_CHARACTERS_225,Karla,39,-1,42,420,0,"-1
0
0
-1
0"
226,DP_CHARACTERS_226,Britney,39,-1,42,420,0,"-1
0
0
-1
0"
227,DP_CHARACTERS_227,Kelli,39,-1,42,420,0,"-1
0
0
-1
0"
228,DP_CHARACTERS_228,Nina,39,-1,42,420,0,"-1
0
0
-1
0"
229,DP_CHARACTERS_229,Heidi,39,-1,42,420,0,"-1
0
0
-1
0"
230,DP_CHARACTERS_230,Miriam,39,-1,42,420,0,"-1
0
0
-1
0"
231,DP_CHARACTERS_231,Teresa,39,-1,42,420,0,"-1
0
0
-1
0"
232,DP_CHARACTERS_232,Aubrey,39,-1,42,420,0,"-1
0
0
-1
0"
233,DP_CHARACTERS_233,Kelly,39,-1,42,420,0,"-1
0
0
-1
0"
234,DP_CHARACTERS_234,Naomi,39,-1,42,420,0,"-1
0
0
-1
0"
235,DP_CHARACTERS_235,Abby,39,-1,42,420,0,"-1
0
0
-1
0"
236,DP_CHARACTERS_236,Denise,39,-1,42,420,0,"-1
0
0
-1
0"
237,DP_CHARACTERS_237,Tamara,39,-1,42,420,0,"-1
0
0
-1
0"
238,DP_CHARACTERS_238,Linda,39,-1,42,420,0,"-1
0
0
-1
0"
239,DP_CHARACTERS_239,Faith,39,-1,42,420,0,"-1
0
0
-1
0"
240,DP_CHARACTERS_240,Mari,39,-1,42,420,0,"-1
0
0
-1
0"
241,DP_CHARACTERS_241,Maggie,39,-1,42,420,0,"-1
0
0
-1
0"
242,DP_CHARACTERS_242,Enter Name,39,-1,42,420,0,"-1
0
0
-1
0"
243,DP_CHARACTERS_243,Barry,39,-1,42,420,0,"-1
0
0
-1
0"
244,DP_CHARACTERS_244,Damion,39,-1,42,420,0,"-1
0
0
-1
0"
245,DP_CHARACTERS_245,Tyson,39,-1,42,420,0,"-1
0
0
-1
0"
246,DP_CHARACTERS_246,Markus,39,-1,42,420,0,"-1
0
0
-1
0"
247,DP_CHARACTERS_247,Pearl,39,-1,42,420,0,"-1
0
0
-1
0"
248,DP_CHARACTERS_248,Lucas,39,-1,42,420,0,"-1
0
0
-1
0"
249,DP_CHARACTERS_249,Dawn,39,-1,42,420,0,"-1
0
0
-1
0"
250,DP_CHARACTERS_250,Pearl,39,-1,42,420,0,"-1
0
0
-1
0"
251,DP_CHARACTERS_251,Ash,39,-1,42,420,0,"-1
0
0
-1
0"
252,DP_CHARACTERS_252,Nic,39,-1,42,420,0,"-1
0
0
-1
0"
253,DP_CHARACTERS_253,Jimmy,39,-1,42,420,0,"-1
0
0
-1
0"
254,DP_CHARACTERS_254,Duncan,39,-1,42,420,0,"-1
0
0
-1
0"
255,DP_CHARACTERS_255,Todd,39,-1,42,420,0,"-1
0
0
-1
0"
256,DP_CHARACTERS_256,Ross,39,-1,42,420,0,"-1
0
0
-1
0"
257,DP_CHARACTERS_257,Steven,39,-1,42,420,0,"-1
0
0
-1
0"
258,DP_CHARACTERS_258,Darrell,39,-1,42,420,0,"-1
0
0
-1
0"
259,DP_CHARACTERS_259,Reed,39,-1,42,420,0,"-1
0
0
-1
0"
260,DP_CHARACTERS_260,Chris,39,-1,42,420,0,"-1
0
0
-1
0"
261,DP_CHARACTERS_261,Brad,39,-1,42,420,0,"-1
0
0
-1
0"
262,DP_CHARACTERS_262,Dwight,39,-1,42,420,0,"-1
0
0
-1
0"
263,DP_CHARACTERS_263,Randy,39,-1,42,420,0,"-1
0
0
-1
0"
264,DP_CHARACTERS_264,Andy,39,-1,42,420,0,"-1
0
0
-1
0"
265,DP_CHARACTERS_265,Joey,39,-1,42,420,0,"-1
0
0
-1
0"
266,DP_CHARACTERS_266,Eric,39,-1,42,420,0,"-1
0
0
-1
0"
267,DP_CHARACTERS_267,Mark,39,-1,42,420,0,"-1
0
0
-1
0"
268,DP_CHARACTERS_268,Pearl,39,-1,42,420,0,"-1
0
0
-1
0"
269,DP_CHARACTERS_269,Karla,39,-1,42,420,0,"-1
0
0
-1
0"
270,DP_CHARACTERS_270,Britney,39,-1,42,420,0,"-1
0
0
-1
0"
271,DP_CHARACTERS_271,Kelli,39,-1,42,420,0,"-1
0
0
-1
0"
272,DP_CHARACTERS_272,Nina,39,-1,42,420,0,"-1
0
0
-1
0"
273,DP_CHARACTERS_273,Heidi,39,-1,42,420,0,"-1
0
0
-1
0"
274,DP_CHARACTERS_274,Miriam,39,-1,42,420,0,"-1
0
0
-1
0"
275,DP_CHARACTERS_275,Teresa,39,-1,42,420,0,"-1
0
0
-1
0"
276,DP_CHARACTERS_276,Aubrey,39,-1,42,420,0,"-1
0
0
-1
0"
277,DP_CHARACTERS_277,Kelly,39,-1,42,420,0,"-1
0
0
-1
0"
278,DP_CHARACTERS_278,Naomi,39,-1,42,420,0,"-1
0
0
-1
0"
279,DP_CHARACTERS_279,Abby,39,-1,42,420,0,"-1
0
0
-1
0"
280,DP_CHARACTERS_280,Denise,39,-1,42,420,0,"-1
0
0
-1
0"
281,DP_CHARACTERS_281,Tamara,39,-1,42,420,0,"-1
0
0
-1
0"
282,DP_CHARACTERS_282,Linda,39,-1,42,420,0,"-1
0
0
-1
0"
283,DP_CHARACTERS_283,Faith,39,-1,42,420,0,"-1
0
0
-1
0"
284,DP_CHARACTERS_284,Mari,39,-1,42,420,0,"-1
0
0
-1
0"
285,DP_CHARACTERS_285,Maggie,39,-1,42,420,0,"-1
0
0
-1
0"
286,DP_CHARACTERS_286,Enter Name,39,-1,42,420,0,"-1
0
0
-1
0"
287,DP_CHARACTERS_287,Lewis,39,-1,42,420,0,"-1
0
0
-1
0"
288,DP_CHARACTERS_288,Clint,39,-1,42,420,0,"-1
0
0
-1
0"
289,DP_CHARACTERS_289,Ralph,39,-1,42,420,0,"-1
0
0
-1
0"
290,DP_CHARACTERS_290,Tommy,39,-1,42,420,0,"-1
0
0
-1
0"
291,DP_CHARACTERS_291,Diamond,39,-1,42,420,0,"-1
0
0
-1
0"
292,DP_CHARACTERS_292,Lucas,39,-1,42,420,0,"-1
0
0
-1
0"
293,DP_CHARACTERS_293,Dawn,39,-1,42,420,0,"-1
0
0
-1
0"
294,DP_CHARACTERS_294,Pearl,39,-1,42,420,0,"-1
0
0
-1
0"
295,DP_CHARACTERS_295,Diamond,39,-1,42,420,0,"-1
0
0
-1
0"
296,DP_CHARACTERS_296,Teala,39,-1,42,420,0,"-1
0
0
-1
0"
