0,106-msg_tv_02_01_01_1,"Gotta catch ’em all! It’s the Catch That
{pageend:Pokémon Show!}
So, let me tell you about this show’s featured
Pokémon-catching Trainer.",0,-1,54,1080,0,"-1
0
0
-1
0"
1,106-msg_tv_02_01_01_2,"The Trainer that caught our eye with a dandy of a
catch is none other than the inestimable
{tag:0}! And what, you may ask
yourself, did {tag:1} catch? Why, none
other than a mighty fine {tag:2}!",0,-1,54,1080,0,"-1
0
0
-1
0",0,1,0,0,0,0,,0,0,1,0,0,0,0,,0,1,1,1,0,0,0,,0
2,106-msg_tv_02_01_01_3,"Nice one, {tag:0}! That’s one
{pageend:slick takedown!}
The Pokémon was nabbed with an expertly
thrown {tag:1}{pageend:.}
And out of {tag:2} used, it was the very last one!",0,-1,54,1080,1,"-1
0
0
-1
0",0,1,0,0,0,0,,0,2,1,9,0,0,0,,0,3,2,2,1,0,205,,0
3,106-msg_tv_02_01_01_4,"Lame joking aside, we’re talking about one great
Trainer in {tag:0}{pageend:!}
Oh? Hang on a second... I’ve got a hot
new update!",0,-1,54,1080,0,"-1
0
0
-1
0",0,1,0,0,0,0,,0
4,106-msg_tv_02_01_01_5,"We just got told what {tag:0}
nicknamed the caught {tag:1}!",0,-1,54,1080,0,"-1
0
0
-1
0",0,1,0,0,0,0,,0,1,1,1,0,0,0,,0
5,106-msg_tv_02_01_01_6,"The nickname’s {tag:0}!
Yow, {tag:1}{pageend:!}
You’re the last word in cool! You’re so cool,
you’re absolute zero!",0,-1,54,1080,1,"-1
0
0
-1
0",4,1,2,0,0,0,,0,0,1,0,0,0,0,,0
6,106-msg_tv_02_01_01_7,"Listen up, folks! You go out and emulate
{tag:0}! Get out there and catch
Pokémon like there’s no tomorrow!",0,-1,54,1080,0,"-1
0
0
-1
0",0,1,0,0,0,0,,0
7,106-msg_tv_02_01_02_1,"Gotta catch ’em all! It’s the Catch That
{pageend:Pokémon Show!}
So, let me tell you about this show’s featured
Pokémon-catching Trainer.",0,-1,54,1080,0,"-1
0
0
-1
0"
8,106-msg_tv_02_01_02_2,"The Trainer that caught our eye with a dandy of a
catch is none other than the inestimable
{tag:0}! And what, you may ask
yourself, did {tag:1} catch? Why, none
other than a mighty fine {tag:2}!",0,-1,54,1080,0,"-1
0
0
-1
0",0,1,0,0,0,0,,0,0,1,0,0,0,0,,0,1,1,1,0,0,0,,0
9,106-msg_tv_02_01_02_3,"Nice one, {tag:0}! That’s one
{pageend:slick takedown!}
The Pokémon was nabbed with an expertly
thrown {tag:1}{pageend:.}
And out of {tag:2} used, it was the very last one!",0,-1,54,1080,1,"-1
0
0
-1
0",0,1,0,0,0,0,,0,2,1,9,0,0,0,,0,3,2,2,1,0,205,,0
10,106-msg_tv_02_01_02_4,"Lame joking aside, we’re talking about one great
Trainer in {tag:0}{pageend:!}
Oh? Hang on a second... I’ve got a hot
new update!",0,-1,54,1080,0,"-1
0
0
-1
0",0,1,0,0,0,0,,0
11,106-msg_tv_02_01_02_5,"It turns out {tag:0} opted not to
nickname the {tag:1}!",0,-1,54,1080,0,"-1
0
0
-1
0",0,1,0,0,0,0,,0,1,1,1,0,0,0,,0
12,106-msg_tv_02_01_02_6,"Yow, {tag:0}!
{pageend:That is so nihilistically cool!}
Listen up, folks! You go out and emulate
{tag:1}! Get out there and catch
Pokémon like there’s no tomorrow!",0,-1,54,1080,1,"-1
0
0
-1
0",0,1,0,0,0,0,,0,0,1,0,0,0,0,,0
13,106-msg_tv_02_02_01_1,"Gotta catch ’em all! It’s the Catch That
{pageend:Pokémon Show!}
So, let me tell you about this show’s featured
Pokémon-catching Trainer.",0,-1,54,1080,0,"-1
0
0
-1
0"
14,106-msg_tv_02_02_01_2,"The Trainer that caught our eye with a dandy of a
catch is none other than the inestimable
{tag:0}! And what, you may ask
yourself, did {tag:1}{pageend: catch?}
The Pokémon was a— Huh? Hold on a moment...",0,-1,54,1080,0,"-1
0
0
-1
0",0,1,0,0,0,0,,0,0,1,0,0,0,0,,0
15,106-msg_tv_02_02_01_3,"{tag:0}{pageend: blew this catch completely...}
Not one ball out of the {tag:1} thrown did the job...",0,-1,54,1080,0,"-1
0
0
-1
0",0,1,0,0,0,0,,0,1,2,2,1,0,205,,0
16,106-msg_tv_02_02_01_4,"And {tag:0} ended up making the
{pageend:quarry faint...}
Oh, what a major downer. This is too tragic to be
a good news piece...",0,-1,54,1080,0,"-1
0
0
-1
0",0,1,0,0,0,0,,0
17,106-msg_tv_02_02_01_5,"{tag:0}{pageend:! Don’t let it get you down!}
Forget about that Pokémon! It wasn’t meant to
be yours!",0,-1,54,1080,0,"-1
0
0
-1
0",0,1,0,0,0,0,,0
18,106-msg_tv_02_02_01_6,"Sinnoh is jam-packed with Pokémon waiting for a
Trainer like you!",0,-1,54,1080,0,"-1
0
0
-1
0"
19,106-msg_tv_02_02_02_1,"Gotta catch ’em all! It’s the Catch That
{pageend:Pokémon Show!}
So, let me tell you about this show’s featured
Pokémon-catching Trainer.",0,-1,54,1080,0,"-1
0
0
-1
0"
20,106-msg_tv_02_02_02_2,"The Trainer that caught our eye with a dandy of a
catch is none other than the inestimable
{tag:0}! And what, you may ask
yourself, did {tag:1}{pageend: catch?}
The Pokémon was a— Huh? Hold on a moment...",0,-1,54,1080,0,"-1
0
0
-1
0",0,1,0,0,0,0,,0,0,1,0,0,0,0,,0
21,106-msg_tv_02_02_02_3,"{tag:0} blew this catch completely...
Not one ball did the job out of the {tag:1}{pageend: thrown...}
Oh, what a major downer.",0,-1,54,1080,0,"-1
0
0
-1
0",0,1,0,0,0,0,,0,1,2,2,1,0,205,,0
22,106-msg_tv_02_02_02_4,"This is too tragic to be a good news piece...
{tag:0}! Don’t let it get you down!",0,-1,54,1080,0,"-1
0
0
-1
0",0,1,0,0,0,0,,0
23,106-msg_tv_02_02_02_5,"Forget about that Pokémon! It wasn’t meant to
{pageend:be yours!}
Sinnoh is jam-packed with Pokémon waiting for a
Trainer like you!",0,-1,54,1080,0,"-1
0
0
-1
0"
24,106-msg_tv_02_03_01_1,"Welcome to another episode of What’s
{pageend:Fishing? Trainers with Rods.}
As always, we have the Fishing Master as our
guest speaker.",0,-1,54,1080,0,"-1
0
0
-1
0"
25,106-msg_tv_02_03_01_2,Hm!,0,-1,54,1080,0,"-1
0
0
-1
0"
26,106-msg_tv_02_03_01_3,"Today, we look at {tag:0}’s attempts
{pageend:at fishing.}
Using a trusty {tag:1},
{tag:2} caught a feisty
{tag:3}!",0,-1,54,1080,1,"-1
0
0
-1
0",0,1,0,0,0,0,,0,1,1,9,0,0,0,,0,0,1,0,0,0,0,,0,2,1,1,0,0,0,,0
27,106-msg_tv_02_03_01_4,Hm!,0,-1,54,1080,0,"-1
0
0
-1
0"
28,106-msg_tv_02_03_01_5,"Fishing Master, how would you rate
{tag:0} as an angler?",0,-1,54,1080,0,"-1
0
0
-1
0",0,1,0,0,0,0,,0
29,106-msg_tv_02_03_01_6,"Hm! The handling of the rod is confident,
{pageend:yet delicate!}
Need I say it? This Trainer gets an
undisputed 100!",0,-1,54,1080,0,"-1
0
0
-1
0"
30,106-msg_tv_02_03_01_7,"A perfect 100!
Congratulations, {tag:0}{pageend:!}
Until next time! Keep on fishing!",0,-1,54,1080,1,"-1
0
0
-1
0",0,1,0,0,0,0,,0
31,106-msg_tv_02_03_02_1,"Welcome to another episode of What’s
{pageend:Fishing? Trainers with Rods.}
As always, we have the Fishing Master as our
guest speaker.",0,-1,54,1080,0,"-1
0
0
-1
0"
32,106-msg_tv_02_03_02_2,Hm!,0,-1,54,1080,0,"-1
0
0
-1
0"
33,106-msg_tv_02_03_02_3,"Today, we look at {tag:0}’s attempts
{pageend:at fishing...}
Well, it looks like {tag:1} had the
catch slip away...",0,-1,54,1080,1,"-1
0
0
-1
0",0,1,0,0,0,0,,0,0,1,0,0,0,0,,0
34,106-msg_tv_02_03_02_4,Hm!,0,-1,54,1080,0,"-1
0
0
-1
0"
35,106-msg_tv_02_03_02_5,"Fishing Master, how would you rate
{tag:0} as an angler?",0,-1,54,1080,0,"-1
0
0
-1
0",0,1,0,0,0,0,,0
36,106-msg_tv_02_03_02_6,"Hm! This fisher puts no spine into holding the
{pageend:rod. The lack of passion is obvious!}
This Trainer rates only a generous 5 out of 100!",0,-1,54,1080,0,"-1
0
0
-1
0"
37,106-msg_tv_02_03_02_7,"Ouch! Just 5 points! {tag:0}{pageend:, try harder!}
Until next time, keep on fishing!",0,-1,54,1080,0,"-1
0
0
-1
0",0,1,0,0,0,0,,0
38,106-msg_tv_02_04_01_1,"{pageend:It’s time for the Love That Group Corner.}
Today, we have the Group Maniac back as a
guest speaker.",0,-1,54,1080,0,"-1
0
0
-1
0"
39,106-msg_tv_02_04_01_2,Yeahah!,0,-1,54,1080,0,"-1
0
0
-1
0"
40,106-msg_tv_02_04_01_3,"We’ve heard that {tag:0} has switched
allegiances to a group named {tag:1}{pageend:.}
What’s your take on this startling
new development?",0,-1,54,1080,0,"-1
0
0
-1
0",0,1,0,0,0,0,,0,1,1,35,0,0,0,,0
41,106-msg_tv_02_04_01_4,Yeahah! Does it really matter any which way?,0,-1,54,1080,0,"-1
0
0
-1
0"
42,106-msg_tv_02_04_01_5,You’re making a lot of sense! Tune in next time!,0,-1,54,1080,0,"-1
0
0
-1
0"
43,106-msg_tv_02_05_01_1,"Hahaha! Hello there, folks! It’s me, your captain!
Are you enjoying your adventure?",0,-1,54,1080,0,"-1
0
0
-1
0"
44,106-msg_tv_02_05_01_2,"Today, as always, I’m going to introduce another
Trainer who loves Pokémon and the thrill of
adventuring as much as I do!",0,-1,54,1080,0,"-1
0
0
-1
0"
45,106-msg_tv_02_05_01_3,"And that Trainer’s name is {tag:0}{pageend:!}
Believe it or not, {tag:1} here had an
encounter with a very rare {tag:2}
{tag:3}!",0,-1,54,1080,0,"-1
0
0
-1
0",0,1,0,0,0,0,,0,0,1,0,0,0,0,,0,2,1,1,0,0,0,,0,1,1,71,0,0,0,,0
46,106-msg_tv_02_05_01_4,"Not only that, the Trainer defeated it too, with
help from their trusty partner, {tag:0}!",0,-1,54,1080,0,"-1
0
0
-1
0",2,1,1,0,0,0,,0
47,106-msg_tv_02_05_01_5,"My, my, that’s a story that’ll get your heart
pumping for sure! I hope all you viewers at
{pageend:home are having plenty of adventures, too!}
That’s all for now! Hahaha!",0,-1,54,1080,0,"-1
0
0
-1
0"
48,106-msg_tv_02_05_02_1,"Hahaha! Hello there, folks! It’s me, your captain!
Are you enjoying your adventure?",0,-1,54,1080,0,"-1
0
0
-1
0"
49,106-msg_tv_02_05_02_2,"Today, as always, I’m going to introduce another
Trainer who loves Pokémon and the thrill of
adventuring as much as I do!",0,-1,54,1080,0,"-1
0
0
-1
0"
50,106-msg_tv_02_05_02_3,"And that Trainer’s name is {tag:0}{pageend:!}
Believe it or not, {tag:1} here had an
encounter with a very rare {tag:2}
{tag:3}!",0,-1,54,1080,0,"-1
0
0
-1
0",0,1,0,0,0,0,,0,0,1,0,0,0,0,,0,2,1,1,0,0,0,,0,1,1,71,0,0,0,,0
51,106-msg_tv_02_05_02_4,"Unfortunately, though, it seems to have gotten
away... Hahaha!",0,-1,54,1080,0,"-1
0
0
-1
0"
52,106-msg_tv_02_05_02_5,"My, my, that’s a story that’ll get your heart
pumping for sure! I hope all you viewers at
{pageend:home are having plenty of adventures, too!}
That’s all for now! Hahaha!",0,-1,54,1080,0,"-1
0
0
-1
0"
53,106-msg_tv_02_05_03_1,"Hahaha! Hello there, folks! It’s me, your captain!
Are you enjoying your adventure?",0,-1,54,1080,0,"-1
0
0
-1
0"
54,106-msg_tv_02_05_03_2,"Today, as always, I’m going to introduce another
Trainer who loves Pokémon and the thrill of
adventuring as much as I do!",0,-1,54,1080,0,"-1
0
0
-1
0"
55,106-msg_tv_02_05_03_3,"And that Trainer’s name is {tag:0}{pageend:!}
Believe it or not, {tag:1} here had an
encounter with a very rare {tag:2}
{tag:3}!",0,-1,54,1080,0,"-1
0
0
-1
0",0,1,0,0,0,0,,0,0,1,0,0,0,0,,0,2,1,1,0,0,0,,0,1,1,71,0,0,0,,0
56,106-msg_tv_02_05_03_4,"Not only that, the Trainer even caught it!
Hahaha! Now that’s impressive!",0,-1,54,1080,0,"-1
0
0
-1
0"
57,106-msg_tv_02_05_03_5,"My, my, that’s a story that’ll get your heart
pumping for sure! I hope all you viewers at
{pageend:home are having plenty of adventures, too!}
That’s all for now! Hahaha!",0,-1,54,1080,0,"-1
0
0
-1
0"
58,106-msg_tv_02_06_01_1,"{pageend:We bring you this breaking news story.}
While traveling in the vicinity of
{tag:0}, {tag:1}
discovered a hidden {tag:2}.",0,-1,54,1080,1,"-1
0
0
-1
0",0,1,5,0,0,0,,0,1,1,0,0,0,0,,0,2,1,9,0,0,0,,0
59,106-msg_tv_02_06_01_2,"The methodology employed by {tag:0}
{pageend:is unknown.}
Eyewitnesses report {tag:1} appeared
{pageend:to be very furtive.}
{tag:2} reportedly scanned the area
{pageend:often, as if fearing detection.}
This concludes this special news story.",0,-1,54,1080,1,"-1
0
0
-1
0",1,1,0,0,0,0,,0,1,1,0,0,0,0,,0,1,1,0,0,0,0,,0
60,106-msg_tv_02_08_01_1,"{pageend:It’s time for the Happy-Happy Egg Club.}
I just want to report {tag:0}’s Egg
hatched around {tag:1}.",0,-1,54,1080,0,"-1
0
0
-1
0",0,1,0,0,0,0,,0,1,1,5,0,0,0,,0
61,106-msg_tv_02_08_01_2,"{tag:0} now has a healthy
{tag:1}{pageend:!}
{tag:2}, congratulations! Be good to
your new family member! Till next time, adieu!",0,-1,54,1080,1,"-1
0
0
-1
0",0,1,0,0,0,0,,0,2,1,1,0,0,0,,0,0,1,0,0,0,0,,0
82,106-msg_tv_02_10_01_1,"Does changing nicknames change attributes? We
{pageend:decide for you!}
It’s time for Rate That Name Change once again!",0,-1,54,1080,0,"-1
0
0
-1
0"
83,106-msg_tv_02_10_01_2,"In the spotlight today is the Trainer
{tag:0}’s {tag:1}{pageend:.}
{tag:2} chose the nickname
{tag:3}{pageend:.}
Let’s get an expert assessment from our
appraiser. How is it?",0,-1,54,1080,1,"-1
0
0
-1
0",0,1,0,0,0,0,,0,1,1,1,0,0,0,,0,0,1,0,0,0,0,,0,2,1,2,0,0,0,,0
84,106-msg_tv_02_10_01_3,"{pageend:How should I say this? Fine, I’ll be blunt.}
The nickname {tag:0} is
{pageend:magnificence itself!}
{tag:1} will surely be more attractive.",0,-1,54,1080,0,"-1
0
0
-1
0",2,1,2,0,0,0,,0,2,1,2,0,0,0,,0
85,106-msg_tv_02_10_01_4,"But, it comes at a price! {tag:0} will be
mired in bogs!",0,-1,54,1080,1,"-1
0
0
-1
0",0,1,0,0,0,0,,0
86,106-msg_tv_02_10_01_5,"{tag:0}, changing your Pokémon’s
nickname was a great idea! Try giving lots and
lots of Poffins to {tag:1}, too.",0,-1,54,1080,0,"-1
0
0
-1
0",0,1,0,0,0,0,,0,2,1,2,0,0,0,,0
87,106-msg_tv_02_10_01_6,"Oh, but beware if you ever travel to the Great
Marsh! Until next time, farewell!",0,-1,54,1080,0,"-1
0
0
-1
0"
88,106-msg_tv_02_10_02_1,"Does changing nicknames change attributes? We
{pageend:decide for you!}
It’s time for Rate That Name Change once again!",0,-1,54,1080,0,"-1
0
0
-1
0"
89,106-msg_tv_02_10_02_2,"In the spotlight today is the Trainer
{tag:0}’s {tag:1}{pageend:.}
{tag:2} chose the nickname
{tag:3}{pageend:.}
Let’s get an expert assessment from our
appraiser. How is it?",0,-1,54,1080,1,"-1
0
0
-1
0",0,1,0,0,0,0,,0,1,1,1,0,0,0,,0,0,1,0,0,0,0,,0,2,1,2,0,0,0,,0
90,106-msg_tv_02_10_02_3,"{pageend:How should I say this? Fine, I’ll be blunt.}
The nickname {tag:0} is
{pageend:magnificence itself!}
{tag:1} will definitely grow speedier
than ever before.",0,-1,54,1080,0,"-1
0
0
-1
0",2,1,2,0,0,0,,0,2,1,2,0,0,0,,0
91,106-msg_tv_02_10_02_4,"But, it comes at a price! {tag:0} will be
mired in bogs!",0,-1,54,1080,1,"-1
0
0
-1
0",0,1,0,0,0,0,,0
92,106-msg_tv_02_10_02_5,"{tag:0}, changing your Pokémon’s
nickname was a great idea! Try giving lots and
lots of Carbos to {tag:1}, too.",0,-1,54,1080,0,"-1
0
0
-1
0",0,1,0,0,0,0,,0,2,1,2,0,0,0,,0
93,106-msg_tv_02_10_02_6,"Oh, but beware if you ever travel to the Great
Marsh! Until next time, farewell!",0,-1,54,1080,0,"-1
0
0
-1
0"
94,106-msg_tv_02_10_03_1,"Does changing nicknames change attributes? We
{pageend:decide for you!}
It’s time for Rate That Name Change once again!",0,-1,54,1080,0,"-1
0
0
-1
0"
95,106-msg_tv_02_10_03_2,"In the spotlight today is the Trainer
{tag:0}’s {tag:1}{pageend:.}
{tag:2} chose the nickname
{tag:3}{pageend:.}
Let’s get an expert assessment from our
appraiser. How is it?",0,-1,54,1080,1,"-1
0
0
-1
0",0,1,0,0,0,0,,0,1,1,1,0,0,0,,0,0,1,0,0,0,0,,0,2,1,2,0,0,0,,0
96,106-msg_tv_02_10_03_3,"{pageend:How should I say this? Fine, I’ll be blunt.}
The nickname {tag:0} is
{pageend:magnificence itself!}
{tag:1} will most certainly become
more aromatic.",0,-1,54,1080,0,"-1
0
0
-1
0",2,1,2,0,0,0,,0,2,1,2,0,0,0,,0
97,106-msg_tv_02_10_03_4,"But, it comes at a price! {tag:0} will be
mired in bogs!",0,-1,54,1080,1,"-1
0
0
-1
0",0,1,0,0,0,0,,0
98,106-msg_tv_02_10_03_5,"{tag:0}, changing your Pokémon’s
{pageend:nickname was a great idea!}
{tag:1} is going to become more
aromatic! How nice!",0,-1,54,1080,0,"-1
0
0
-1
0",0,1,0,0,0,0,,0,2,1,2,0,0,0,,0
99,106-msg_tv_02_10_03_6,"Oh, but beware if you ever travel to the Great
Marsh! Until next time, farewell!",0,-1,54,1080,0,"-1
0
0
-1
0"
100,106-msg_tv_02_10_04_1,"Does changing nicknames change attributes? We
{pageend:decide for you!}
It’s time for Rate That Name Change once again!",0,-1,54,1080,0,"-1
0
0
-1
0"
101,106-msg_tv_02_10_04_2,"In the spotlight today is the Trainer
{tag:0}’s {tag:1}{pageend:.}
{tag:2} chose the nickname
{tag:3}{pageend:.}
Let’s get an expert assessment from our
appraiser. How is it?",0,-1,54,1080,1,"-1
0
0
-1
0",0,1,0,0,0,0,,0,1,1,1,0,0,0,,0,0,1,0,0,0,0,,0,2,1,2,0,0,0,,0
102,106-msg_tv_02_10_04_3,"{pageend:How should I say this? Fine, I’ll be blunt.}
The nickname {tag:0} is
{pageend:magnificence itself!}
{tag:1} will grow stronger and stronger
and stronger still.",0,-1,54,1080,0,"-1
0
0
-1
0",2,1,2,0,0,0,,0,2,1,2,0,0,0,,0
103,106-msg_tv_02_10_04_4,"But, it comes at a price! {tag:0} will be
mired in bogs!",0,-1,54,1080,1,"-1
0
0
-1
0",0,1,0,0,0,0,,0
104,106-msg_tv_02_10_04_5,"{tag:0}, changing your Pokémon’s
{pageend:nickname was a great idea!}
Try putting {tag:1} at the head of your
team on your travels, too.",0,-1,54,1080,0,"-1
0
0
-1
0",0,1,0,0,0,0,,0,2,1,2,0,0,0,,0
105,106-msg_tv_02_10_04_6,"Oh, but beware if you ever travel to the Great
Marsh! Until next time, farewell!",0,-1,54,1080,0,"-1
0
0
-1
0"
106,106-msg_tv_02_10_05_1,"Does changing nicknames change attributes? We
{pageend:decide for you!}
It’s time for Rate That Name Change once again!",0,-1,54,1080,0,"-1
0
0
-1
0"
107,106-msg_tv_02_10_05_2,"In the spotlight today is the Trainer
{tag:0}’s {tag:1}{pageend:.}
{tag:2} chose the nickname
{tag:3}{pageend:.}
Let’s get an expert assessment from our
appraiser. How is it?",0,-1,54,1080,1,"-1
0
0
-1
0",0,1,0,0,0,0,,0,1,1,1,0,0,0,,0,0,1,0,0,0,0,,0,2,1,2,0,0,0,,0
108,106-msg_tv_02_10_05_3,"{pageend:How should I say this? Fine, I’ll be blunt.}
The nickname {tag:0} is
{pageend:magnificence itself!}
{tag:1} is going to become happier as
time goes on.",0,-1,54,1080,0,"-1
0
0
-1
0",2,1,2,0,0,0,,0,2,1,2,0,0,0,,0
109,106-msg_tv_02_10_05_4,"But, it comes at a price! {tag:0} will be
mired in bogs!",0,-1,54,1080,1,"-1
0
0
-1
0",0,1,0,0,0,0,,0
110,106-msg_tv_02_10_05_5,"{tag:0}, changing your Pokémon’s
{pageend:nickname was a great idea!}
{tag:1} is going to become happier!
It makes me sort of envious!",0,-1,54,1080,0,"-1
0
0
-1
0",0,1,0,0,0,0,,0,2,1,2,0,0,0,,0
111,106-msg_tv_02_10_05_6,"Oh, but beware if you ever travel to the Great
Marsh! Until next time, farewell!",0,-1,54,1080,0,"-1
0
0
-1
0"
112,106-msg_tv_02_12_01_1,"{pageend:It’s time for the Pokémon Lottery results!}
The winning number is {tag:0}.",0,-1,54,1080,0,"-1
0
0
-1
0",0,2,6,1,0,0,,0
113,106-msg_tv_02_12_01_2,"The winner this time is {tag:0}!
The prize is {tag:1}{tag:2}.",0,-1,54,1080,1,"-1
0
0
-1
0",1,1,0,0,0,0,,0,-1,19,5,5,0,2,,0,2,1,9,0,0,0,,0
114,106-msg_tv_02_13_01_1,"You’ve just tuned in to the Underground
{pageend:Treasures Corner.}
We have a Ruin Maniac with us as our
guest again.",0,-1,54,1080,0,"-1
0
0
-1
0"
115,106-msg_tv_02_13_01_2,Hi! Hope you’re digging this!,0,-1,54,1080,0,"-1
0
0
-1
0"
116,106-msg_tv_02_13_01_3,"Today, we bring you a report on
{tag:0}, who dug up a nice
{tag:1} underground.",0,-1,54,1080,1,"-1
0
0
-1
0",0,1,0,0,0,0,,0,1,1,22,0,0,0,,0
117,106-msg_tv_02_13_01_4,"There’re plenty of treasures waiting to
{pageend:be discovered.}
It’s not surprising to see something like
that {tag:0}.",0,-1,54,1080,0,"-1
0
0
-1
0",1,1,22,0,0,0,,0
118,106-msg_tv_02_13_01_5,"May I say something? You haven’t had much
success with treasures...",0,-1,54,1080,0,"-1
0
0
-1
0"
119,106-msg_tv_02_13_01_6,Now that’s a low blow. I’ve been digging away...,0,-1,54,1080,0,"-1
0
0
-1
0"
120,106-msg_tv_02_13_01_7,"Let’s hope {tag:0} will keep on digging
{pageend:up hidden treasures underground.}
Until next time, keep on digging!",0,-1,54,1080,0,"-1
0
0
-1
0",0,1,0,0,0,0,,0
121,106-msg_tv_02_14_01_1,"{pageend:And now for the news.}
While adventuring through Sinnoh,
{tag:0} has managed to defeat the
Champion and enter the Hall of Fame.",0,-1,54,1080,0,"-1
0
0
-1
0",0,1,0,0,0,0,,0
122,106-msg_tv_02_14_01_2,"According to our sources, the key to this win
was the effort made by {tag:0}’s
partner, {tag:1}.",0,-1,54,1080,1,"-1
0
0
-1
0",0,1,0,0,0,0,,0,1,1,1,0,0,0,,0
123,106-msg_tv_02_14_01_3,"You did it, {tag:0}!!!
Great job, {tag:1}{pageend:!!!}
...Erm, ahem! That’s all for the news.",0,-1,54,1080,0,"-1
0
0
-1
0",0,1,0,0,0,0,,0,1,1,1,0,0,0,,0
124,106-msg_tv_02_15_01_1,"{pageend:We bring you this special news bulletin.}
The Trainer {tag:0} was witnessed
{pageend:catching Pokémon in the Great Marsh.}
It is believed the Trainer visited the area while
traveling throughout Sinnoh.",0,-1,54,1080,0,"-1
0
0
-1
0",0,1,0,0,0,0,,0
125,106-msg_tv_02_15_01_2,"Witnesses report {tag:0} first caught a
snarly {tag:1}.",0,-1,54,1080,1,"-1
0
0
-1
0",0,1,0,0,0,0,,0,1,1,1,0,0,0,,0
126,106-msg_tv_02_15_01_3,"Apparently delighted by that catch, they kept at
{pageend:the Safari Game.}
In the end, they reportedly caught {tag:0} Pokémon.
This concludes this special news bulletin.",0,-1,54,1080,0,"-1
0
0
-1
0",2,2,1,1,0,205,,0
127,106-msg_tv_02_17_01_1,"{pageend:We bring you this developing news story.}
The Trainer {tag:0} has been traveling
{pageend:throughout Sinnoh.}
We’ve received credible reports that they’ve
been giving the herbal medicine
{tag:1} to the naturally
reluctant {tag:2}.",0,-1,54,1080,1,"-1
0
0
-1
0",0,1,0,0,0,0,,0,2,1,9,0,0,0,,0,1,1,1,0,0,0,,0
128,106-msg_tv_02_17_01_2,"Witnesses report {tag:0} making
{pageend:disgusted faces over the medicine’s awful flavor.}
However, {tag:1} appeared not
{pageend:to notice the Pokémon’s revulsion.}
This concludes this news report.",0,-1,54,1080,0,"-1
0
0
-1
0",1,1,1,0,0,0,,0,0,1,0,0,0,0,,0
129,106-msg_tv_02_18_01_1,"It’s time for the Planting and Watering Show for
{pageend:Berry Gardeners.}
We bring you this show with the Berry Guru as
our returning guest.",0,-1,54,1080,0,"-1
0
0
-1
0"
130,106-msg_tv_02_18_01_2,"Ayup, ayup.",0,-1,54,1080,0,"-1
0
0
-1
0"
131,106-msg_tv_02_18_01_3,"Today, we look at {tag:0}’s
{tag:1} plant. It appears to
have been nurtured with utmost care.",0,-1,54,1080,0,"-1
0
0
-1
0",0,1,0,0,0,0,,0,1,1,9,0,0,0,,1
132,106-msg_tv_02_18_01_4,"Ayup! The plant bore {tag:0}{pageend: Berries!}
{tag:1} has a brilliant knack for
planting and watering Berries.",0,-1,54,1080,0,"-1
0
0
-1
0",2,2,1,1,0,205,,0,0,1,0,0,0,0,,0
133,106-msg_tv_02_18_01_5,"My hat’s off to you, {tag:0}!
See you again!",0,-1,54,1080,0,"-1
0
0
-1
0",0,1,0,0,0,0,,0
62,108-msg_tv_01_09_02_1,"Now it’s time for A Show for Us, filmed in front
of a live studio audience!",0,-1,54,1080,0,"-1
0
0
-1
0"
63,108-msg_tv_01_09_02_2,*applause*,0,-1,54,1080,0,"-1
0
0
-1
0"
64,108-msg_tv_01_09_02_3,"Let’s see... Today we’ve got a field reporter at
the site of the popular Capsule Decoration
{pageend:exhibit currently being held.}
Who’d like to hear about that?",0,-1,54,1080,0,"-1
0
0
-1
0"
65,108-msg_tv_01_09_02_4,Us!!!,0,-1,54,1080,0,"-1
0
0
-1
0"
66,108-msg_tv_01_09_02_5,Then it’s over to our intrepid reporter!,0,-1,54,1080,0,"-1
0
0
-1
0"
67,108-msg_tv_01_09_02_6,"Hello there! Today I’m reporting from right here
{pageend:in Jubilife TV!}
Our Capsule Decoration exhibit is now displaying
the actual Stickers used by exceptional Trainers
{pageend:from all over Sinnoh!}
{pageend:Around such stunning exhibits...}
<size=75%>I’m finding myself lowering my voice out of respect!</size>",0,-1,54,1080,0,"-1
0
0
-1
0"
68,108-msg_tv_01_09_02_7,"Let’s get a comment from this Trainer here, who’s
been wandering through the exhibit and looking
intently at the Stickers!",0,-1,54,1080,0,"-1
0
0
-1
0"
134,106-msg_tv_02_20_01_1,"{pageend:It’s time for the Love That Group Corner.}
Today, we have the Group Maniac back as a
guest speaker.",0,-1,54,1080,0,"-1
0
0
-1
0"
135,106-msg_tv_02_20_01_2,Yeahah!,0,-1,54,1080,0,"-1
0
0
-1
0"
136,106-msg_tv_02_20_01_3,"We’ve heard that {tag:0} has made a
new group named {tag:1}. What’s your
take on this startling new development?",0,-1,54,1080,0,"-1
0
0
-1
0",0,1,0,0,0,0,,0,1,1,35,0,0,0,,0
137,106-msg_tv_02_20_01_4,"Yeahah! Group {tag:0}...
Sounds A-OK to me!",0,-1,54,1080,0,"-1
0
0
-1
0",1,1,35,0,0,0,,0
138,106-msg_tv_02_20_01_5,"You’re making a lot of sense! Well, that’s all
for now. Tune in next time!",0,-1,54,1080,0,"-1
0
0
-1
0"
139,106-msg_tv_02_21_01_1,"{pageend:It’s now time for the Sticker Club Show.}
Joining us as our guest once again is the
Sticker Master.",0,-1,54,1080,0,"-1
0
0
-1
0"
140,106-msg_tv_02_21_01_2,Greetings.,0,-1,54,1080,0,"-1
0
0
-1
0"
141,106-msg_tv_02_21_01_3,"Today, we examine a Ball Capsule crafted
by {tag:0}.",0,-1,54,1080,0,"-1
0
0
-1
0",0,1,0,0,0,0,,0
142,106-msg_tv_02_21_01_4,"Hmm...
{pageend:Remarkable...}
The {tag:0} decorating
this capsule...",0,-1,54,1080,1,"-1
0
0
-1
0",1,1,77,0,0,0,,0
143,106-msg_tv_02_21_01_5,"Though they may appear to have been randomly
{pageend:applied, you can’t fool me!}
The Stickers have, in fact, been cleverly applied
in a meticulously calculated manner...",0,-1,54,1080,0,"-1
0
0
-1
0"
144,106-msg_tv_02_21_01_6,"Hm! And what’s this?! The Pokémon inside, it’s—
it’s this {tag:0}{pageend:?!}
Remarkable! The Trainer crafted this Ball Capsule
to best highlight the Pokémon’s emergence from
the Poké Ball!",0,-1,54,1080,0,"-1
0
0
-1
0",2,1,1,0,0,0,,0
145,106-msg_tv_02_21_01_7,"There you have it! Even our Sticker Master is
impressed! To see {tag:0}’s Ball
{pageend:Capsules, challenge the Trainer to a battle!}
Let’s meet again—same channel, same time!",0,-1,54,1080,1,"-1
0
0
-1
0",0,1,0,0,0,0,,0
146,106-msg_tv_02_21_02_1,"{pageend:It’s now time for the Sticker Club Show.}
Joining us as our guest once again is the
Sticker Master.",0,-1,54,1080,0,"-1
0
0
-1
0"
147,106-msg_tv_02_21_02_2,Greetings.,0,-1,54,1080,0,"-1
0
0
-1
0"
148,106-msg_tv_02_21_02_3,"Today, we examine a Ball Capsule crafted
by {tag:0}.",0,-1,54,1080,0,"-1
0
0
-1
0",0,1,0,0,0,0,,0
149,106-msg_tv_02_21_02_4,"{pageend:This is rubbish... Such a foolish waste of Stickers!}
It’s true that {tag:0} is fantastic.
That’s a given. But applied in such a position, its
true beauty is obscured...",0,-1,54,1080,0,"-1
0
0
-1
0",1,1,77,0,0,0,,0
150,106-msg_tv_02_21_02_5,"{pageend:Hm?}
Wait, it can’t be... What is this?! The Pokémon
inside, it’s—it’s this {tag:0}?!",0,-1,54,1080,0,"-1
0
0
-1
0",2,1,1,0,0,0,,0
151,106-msg_tv_02_21_02_6,"With this {tag:0}, this
{tag:1}’s placement actually
enhances its beauty!",0,-1,54,1080,0,"-1
0
0
-1
0",2,1,1,0,0,0,,0,1,1,77,0,0,0,,0
152,106-msg_tv_02_21_02_7,"Did {tag:0} position this
{tag:1} with the intention of
using this Ball Capsule on the Poké Ball carrying
{tag:2}? The cheekiness of it all!",0,-1,54,1080,1,"-1
0
0
-1
0",0,1,0,0,0,0,,0,1,1,77,0,0,0,,0,2,1,1,0,0,0,,0
153,106-msg_tv_02_21_02_8,"How dare that {tag:0} pull such an
insolent ruse!",0,-1,54,1080,0,"-1
0
0
-1
0",0,1,0,0,0,0,,0
154,106-msg_tv_02_21_02_9,"There you have it! Even our Sticker Master is
upset! To see {tag:0}’s Ball Capsules,
{pageend:challenge the Trainer to a battle!}
Let’s meet again—same channel, same time!",0,-1,54,1080,0,"-1
0
0
-1
0",0,1,0,0,0,0,,0
155,106-msg_tv_02_21_03_1,"{pageend:It’s now time for the Sticker Club Show.}
Joining us as our guest once again is the
Sticker Master.",0,-1,54,1080,0,"-1
0
0
-1
0"
156,106-msg_tv_02_21_03_2,Greetings.,0,-1,54,1080,0,"-1
0
0
-1
0"
157,106-msg_tv_02_21_03_3,"Today, we examine a Ball Capsule crafted
by {tag:0}.",0,-1,54,1080,0,"-1
0
0
-1
0",0,1,0,0,0,0,,0
158,106-msg_tv_02_21_03_4,"Hmm...
The Trainer paid attention to the fundamentals in
applying the {tag:0}{pageend:.}
{tag:1}’s meticulous sense of
craftsmanship is obvious...",0,-1,54,1080,0,"-1
0
0
-1
0",1,1,77,0,0,0,,0,0,1,0,0,0,0,,0
159,106-msg_tv_02_21_03_5,"And inside this Ball Capsule is—what’s this?!
This {tag:0}{pageend:...}
Wahaha! Oh, that {tag:1}!
Well done, indeed!",0,-1,54,1080,0,"-1
0
0
-1
0",2,1,1,0,0,0,,0,0,1,0,0,0,0,,0
160,106-msg_tv_02_21_03_6,"There you have it! Even our Sticker Master
{pageend:is satisfied!}
To see {tag:0}’s Ball Capsules,
{pageend:challenge the Trainer to a battle!}
Let’s meet again—same channel, same time!",0,-1,54,1080,0,"-1
0
0
-1
0",0,1,0,0,0,0,,0
192,107-msg_tv_04_01_01_1,"Hello! The time for Discovering Groups
is upon us.",0,-1,54,1080,0,"-1
0
0
-1
0"
193,107-msg_tv_04_01_01_2,"Today, we dropped in to check up on
{tag:0}{pageend:, an up-and-coming Trainer.}
{tag:1} is a member of the
{tag:2} group.",0,-1,54,1080,1,"-1
0
0
-1
0",0,1,0,0,0,0,,0,0,1,0,0,0,0,,0,1,1,35,0,0,0,,0
194,107-msg_tv_04_01_01_3,"Oh, that must be {tag:0}{pageend: over there.}
{tag:1} is obviously enjoying being
a member of the group.",0,-1,54,1080,0,"-1
0
0
-1
0",0,1,0,0,0,0,,0,0,1,0,0,0,0,,0
195,107-msg_tv_04_01_01_4,"{pageend:It’s like they have found a second home!}
If I had to describe this group in my uninformed,
subjective view, I’d say it’s close to being
{tag:0}{pageend: type.}
Please look forward to the next show!",0,-1,54,1080,0,"-1
0
0
-1
0",2,1,3,0,0,0,,0
196,107-msg_tv_04_02_01_1,"This is Helena bringing you on-the-spot weather!
{tag:0} is blessed with
cloudless skies!",0,-1,54,1080,0,"-1
0
0
-1
0",0,1,5,0,0,0,,0
197,107-msg_tv_04_02_01_2,"I would like to take this opportunity to do my
piled-up laundry! It will be nice to dry them
{pageend:under the sun here!}
That’s all for the weather, brought to you
by Helena!",0,-1,54,1080,0,"-1
0
0
-1
0"
198,107-msg_tv_04_02_02_1,"{pageend:This is Helena bringing you on-the-spot weather!}
{tag:0} is under
clear skies!",0,-1,54,1080,0,"-1
0
0
-1
0",0,1,5,0,0,0,,0
199,107-msg_tv_04_02_02_2,"It’s the perfect sort of day to go cycling. If you
were to crash into a stream, you’d dry off
{pageend:quickly today!}
That’s all for the weather, brought to you
by Helena!",0,-1,54,1080,0,"-1
0
0
-1
0"
200,107-msg_tv_04_02_03_1,"{pageend:This is Helena bringing you on-the-spot weather!}
Here in {tag:0},
It’s nothing but blue skies!",0,-1,54,1080,0,"-1
0
0
-1
0",0,1,5,0,0,0,,0
201,107-msg_tv_04_02_03_2,"It would be a shame to spend a day like this
cooped up indoors.",0,-1,54,1080,0,"-1
0
0
-1
0"
202,107-msg_tv_04_02_03_3,"Why not step outside and bask under the sun?
Why not amuse yourself with a solo
{pageend:whistling performance?}
That’s all for the weather, brought to you
by Helena!",0,-1,54,1080,0,"-1
0
0
-1
0"
203,107-msg_tv_04_02_04_1,"{pageend:This is Helena bringing you on-the-spot weather!}
There isn’t a cloud in the sky above
{tag:0}!",0,-1,54,1080,0,"-1
0
0
-1
0",0,1,5,0,0,0,,0
204,107-msg_tv_04_02_04_2,"It’s the sort of day that’s ideal for having your
picture taken. Everyone seems to glow under
{pageend:the smiling sun!}
That’s all for the weather, brought to you
by Helena!",0,-1,54,1080,0,"-1
0
0
-1
0"
205,107-msg_tv_04_02_05_1,"{pageend:This is Helena bringing you on-the-spot weather!}
{tag:0} is under a blanket
of gloomy clouds.",0,-1,54,1080,0,"-1
0
0
-1
0",0,1,5,0,0,0,,0
206,107-msg_tv_04_02_05_2,"But watch out! Don’t be fooled by the sun’s
absence. You can get sunburned even on days
{pageend:like this!}
That’s all for the weather, brought to you
by Helena!",0,-1,54,1080,0,"-1
0
0
-1
0"
207,107-msg_tv_04_02_06_1,"{pageend:This is Helena bringing you on-the-spot weather!}
{tag:0} is getting doused
by rain.",0,-1,54,1080,0,"-1
0
0
-1
0",0,1,5,0,0,0,,0
208,107-msg_tv_04_02_06_2,"It’s the sort of weather that’s right for enjoying
music at home. Maybe have some tea and gaze
at the rain-covered plants. Perhaps you can
{pageend:giggle at people running to avoid the downpour.}
That’s all for the weather, brought to you
by Helena!",0,-1,54,1080,0,"-1
0
0
-1
0"
209,107-msg_tv_04_02_07_1,"{pageend:This is Helena bringing you on-the-spot weather!}
A steady downpour continues to fall
on {tag:0}!",0,-1,54,1080,0,"-1
0
0
-1
0",0,1,5,0,0,0,,0
210,107-msg_tv_04_02_07_2,"This is your chance to shout your loved one’s
name to the skies! Forget about an umbrella!
{pageend:Think of the dramatic possibilities!}
That’s all for the weather, brought to you
by Helena!",0,-1,54,1080,0,"-1
0
0
-1
0"
211,107-msg_tv_04_02_08_1,"{pageend:This is Helena bringing you on-the-spot weather!}
...It’s cold! Snow is falling here on
{tag:0}!",0,-1,54,1080,0,"-1
0
0
-1
0",0,1,5,0,0,0,,0
212,107-msg_tv_04_02_08_2,"I wish I could say my inner-child is excited to run
around and enjoy the snow, but...",0,-1,54,1080,0,"-1
0
0
-1
0"
213,107-msg_tv_04_02_08_3,"But it’s too cold for me to be frolicking!
I’m heading home right after this to curl up
{pageend:with my Clefairy.}
That’s all for the weather, brought to you
by Helena!",0,-1,54,1080,0,"-1
0
0
-1
0"
214,107-msg_tv_04_02_09_1,"{pageend:This is Helena bringing you on-the-spot weather!}
{tag:0} has been badly hit
by a brutal blizzard!",0,-1,54,1080,0,"-1
0
0
-1
0",0,1,5,0,0,0,,0
215,107-msg_tv_04_02_09_2,"Some of you may brave the weather in hopes of
finding rare Pokémon under these extreme
conditions. Be sure to dress extra warm, and
{pageend:don’t fall asleep while you’re out there!}
That’s all for the weather, brought to you
by Helena!",0,-1,54,1080,0,"-1
0
0
-1
0"
216,107-msg_tv_04_02_10_1,"{pageend:This is Helena bringing you on-the-spot weather!}
A-as y-you c-can see...
{tag:0} is being besieged
by a howling blizzard!",0,-1,54,1080,0,"-1
0
0
-1
0",0,1,5,0,0,0,,0
217,107-msg_tv_04_02_10_2,"My hair is totally frozen—even the hair in my
{pageend:nostrils is caked with ice!}
I should have bought a new coat with my bonus...",0,-1,54,1080,0,"-1
0
0
-1
0"
218,107-msg_tv_04_02_10_3,"But even under these brutal conditions, there are
Trainers about! I think they are foolish, and yet
I can’t help but respect them. May I please go
{pageend:inside now?}
That’s all for the weather, brought to you
by Helena!",0,-1,54,1080,0,"-1
0
0
-1
0"
219,107-msg_tv_04_02_11_1,"{pageend:This is Helena bringing you on-the-spot—}
*boom* Giyaaaah!",0,-1,54,1080,0,"-1
0
0
-1
0"
220,107-msg_tv_04_02_11_2,"Thunder! There is a thunderstorm rolling over
{tag:0}{pageend:!}
It’s— *boom* Giyaaaaaah!",0,-1,54,1080,0,"-1
0
0
-1
0",0,1,5,0,0,0,,0
221,107-msg_tv_04_02_11_3,"That camera’s like a lightning rod! Let’s finish
{pageend:this, now!}
That’s all for the weather, brought to you
by Helena!",0,-1,54,1080,0,"-1
0
0
-1
0"
222,107-msg_tv_04_02_12_1,"{pageend:This is Helena bringing you on-the-spot weather!}
Today, we bring you a sight you very rarely get
to see.",0,-1,54,1080,0,"-1
0
0
-1
0"
223,107-msg_tv_04_02_12_2,"Diamond dust is visible in the sky above
{tag:0}{pageend:.}
The glittery cloud of ice is fantastically beautiful.",0,-1,54,1080,0,"-1
0
0
-1
0",0,1,5,0,0,0,,0
224,107-msg_tv_04_02_12_3,"Couples should step out for a truly magical and
romantic experience. A day like this can make
anyone feel like royalty, and there’s no better
{pageend:setting to propose to your loved one!}
That’s all for the weather, brought to you
by Helena!",0,-1,54,1080,0,"-1
0
0
-1
0"
225,107-msg_tv_04_05_01_1,"{pageend:We bring you this news flash.}
We’ve just received word that hordes of
{tag:0} have been spotted in the
vicinity of {tag:1}.",0,-1,54,1080,0,"-1
0
0
-1
0",1,1,1,0,0,0,,0,0,1,5,0,0,0,,0
226,107-msg_tv_04_05_01_2,"If you’ve ever had the desire to be surrounded by
{tag:0}, or wished to make a team full
of {tag:1}, or even carry one around
on your head... If you’re a true viva
{tag:2} sort of Trainer, well...",0,-1,54,1080,0,"-1
0
0
-1
0",1,1,1,0,0,0,,0,1,1,1,0,0,0,,0,1,1,1,0,0,0,,0
227,107-msg_tv_04_05_01_3,"Make your way to {tag:0}
{pageend:right now!}
That concludes this news flash.",0,-1,54,1080,0,"-1
0
0
-1
0",0,1,5,0,0,0,,0
228,107-msg_tv_04_07_01_1,"Hey, how are y’all doing, Poké fans? Thanks for
tuning in to the Matchup Channel!",0,-1,54,1080,0,"-1
0
0
-1
0"
229,107-msg_tv_04_07_01_2,"Hey, fans, you’ve all used {tag:0}-type
moves, right? They’re super effective against
{tag:1}-type Pokémon!",0,-1,54,1080,0,"-1
0
0
-1
0",0,1,3,0,0,0,,0,1,1,3,0,0,0,,0
230,107-msg_tv_04_07_01_3,"I’m telling you, the effect is like seeing me
in person!",0,-1,54,1080,0,"-1
0
0
-1
0"
231,107-msg_tv_04_07_01_4,"That’s all for today, but don’t forget to send me
fan mail! Give it to your bird Pokémon, then set
them free into the skies! A chance encounter with
{pageend:greatness—that’s me—is always possible!}
See you again!",0,-1,54,1080,0,"-1
0
0
-1
0"
232,107-msg_tv_04_07_02_1,"Hey, how are y’all doing, Poké fans? Thanks for
tuning in to the Matchup Channel!",0,-1,54,1080,0,"-1
0
0
-1
0"
233,107-msg_tv_04_07_02_2,"Hey, fans! You’ve all used {tag:0}-type
moves, right? They’re, like, not much better than
OK against {tag:1}-type Pokémon!",0,-1,54,1080,0,"-1
0
0
-1
0",0,1,3,0,0,0,,0,1,1,3,0,0,0,,0
234,107-msg_tv_04_07_02_3,"They’re plain, like other Ace Trainers are plain
next to me.",0,-1,54,1080,0,"-1
0
0
-1
0"
235,107-msg_tv_04_07_02_4,"That’s all for today, but don’t forget to send me
fan mail! Give it to your bird Pokémon, then set
them free into the skies! A chance encounter with
{pageend:greatness—that’s me—is always possible!}
See you again!",0,-1,54,1080,0,"-1
0
0
-1
0"
236,107-msg_tv_04_07_03_1,"Hey, how are y’all doing, Poké fans? Thanks for
tuning in to the Matchup Channel!",0,-1,54,1080,0,"-1
0
0
-1
0"
237,107-msg_tv_04_07_03_2,"Hey, fans! You’ve all used {tag:0}-type
moves, right? They’re not very effective against
{tag:1}-type Pokémon!",0,-1,54,1080,0,"-1
0
0
-1
0",0,1,3,0,0,0,,0,1,1,3,0,0,0,,0
238,107-msg_tv_04_07_03_3,"In fact, they’re wimpy like the many wannabe
Trainers that copy me!",0,-1,54,1080,0,"-1
0
0
-1
0"
239,107-msg_tv_04_07_03_4,"That’s all for today, but don’t forget to send me
fan mail! Give it to your bird Pokémon, then set
them free into the skies! A chance encounter with
{pageend:greatness—that’s me—is always possible!}
See you again!",0,-1,54,1080,0,"-1
0
0
-1
0"
240,107-msg_tv_04_07_04_1,"Hey, how are y’all doing, Poké fans? Thanks for
tuning in to the Matchup Channel!",0,-1,54,1080,0,"-1
0
0
-1
0"
241,107-msg_tv_04_07_04_2,"Hey, fans! You’ve all used {tag:0}-type
moves, right? They’re absolutely hopeless against
{tag:1}-type Pokémon!",0,-1,54,1080,0,"-1
0
0
-1
0",0,1,3,0,0,0,,0,1,1,3,0,0,0,,0
242,107-msg_tv_04_07_04_3,"It’s a totally wasted effort, like the way other
Trainers try to mess with me out of jealousy!",0,-1,54,1080,0,"-1
0
0
-1
0"
243,107-msg_tv_04_07_04_4,"That’s all for today, but don’t forget to send me
fan mail! Give it to your bird Pokémon, then set
them free into the skies! A chance encounter with
{pageend:greatness—that’s me—is always possible!}
See you again!",0,-1,54,1080,0,"-1
0
0
-1
0"
244,107-msg_tv_04_09_01_1,"{pageend:Say hey, hey, how do your Berries grow today?}
Say hey, Berry fans, how goes it today? OK?",0,-1,54,1080,0,"-1
0
0
-1
0"
245,107-msg_tv_04_09_01_2,"Enough fooling about, let me roll it right out,
today’s Berry Lookout!",0,-1,54,1080,0,"-1
0
0
-1
0"
246,107-msg_tv_04_09_01_3,"{tag:0} is where I went,
hoping to find Berries by scent!",0,-1,54,1080,0,"-1
0
0
-1
0",0,1,5,0,0,0,,0
247,107-msg_tv_04_09_01_4,"{pageend:And there I found them!}
My journey was rewarded! My heart raced!
I felt invigorated!",0,-1,54,1080,0,"-1
0
0
-1
0"
248,107-msg_tv_04_09_01_5,"{pageend:But there I left them... As gifts for you!}
Say hey! Check your Berries today!
Thanks, everyone!",0,-1,54,1080,0,"-1
0
0
-1
0"
249,107-msg_tv_04_09_02_1,"{pageend:Say hey, hey, how do your Berries grow today?}
Say hey, Berry fans, how goes it today? OK?",0,-1,54,1080,0,"-1
0
0
-1
0"
250,107-msg_tv_04_09_02_2,"Enough fooling about, let me lay it right out:
Today’s Berry Lookout!",0,-1,54,1080,0,"-1
0
0
-1
0"
251,107-msg_tv_04_09_02_3,"{tag:0} is where I went,
hoping to find Berries by scent!",0,-1,54,1080,0,"-1
0
0
-1
0",0,1,5,0,0,0,,0
252,107-msg_tv_04_09_02_4,"{pageend:But! No Berries there were...}
{pageend:Still, there is hope! For flowers were in bloom.}
{pageend:The aroma tickled and danced in my nose!}
Flowers bloomed in the cockles of my heart!",0,-1,54,1080,0,"-1
0
0
-1
0"
253,107-msg_tv_04_09_02_5,"I grew heartened, for the Berries they will come,
{pageend:they will come!}
Say hey! Check your Berries today!
Thanks, everyone!",0,-1,54,1080,0,"-1
0
0
-1
0"
254,107-msg_tv_04_09_03_1,"{pageend:Say hey, hey, how do your Berries grow today?}
Say hey, Berry fans, how goes it today? OK?",0,-1,54,1080,0,"-1
0
0
-1
0"
255,107-msg_tv_04_09_03_2,"Enough fooling about, let me lay it right out:
Today’s Berry Lookout!",0,-1,54,1080,0,"-1
0
0
-1
0"
256,107-msg_tv_04_09_03_3,"{tag:0} is where I went,
hoping to find Berries by scent!",0,-1,54,1080,0,"-1
0
0
-1
0",0,1,5,0,0,0,,0
257,107-msg_tv_04_09_03_4,"{pageend:But! No Berries there were...}
Still, all is not lost! The plant’s stem grows thick,
{pageend:and with it my hope!}
I surely look forward to seeing its flowers
in bloom!",0,-1,54,1080,0,"-1
0
0
-1
0"
258,107-msg_tv_04_09_03_5,"Say hey! Check your Berries today!
Thanks, everyone!",0,-1,54,1080,0,"-1
0
0
-1
0"
259,107-msg_tv_04_09_04_1,"{pageend:Say hey, hey, how do your Berries grow today?}
Say hey, Berry fans, how goes it today? OK?",0,-1,54,1080,0,"-1
0
0
-1
0"
260,107-msg_tv_04_09_04_2,"Enough fooling about, let me lay it right out:
Today’s Berry Lookout!",0,-1,54,1080,0,"-1
0
0
-1
0"
261,107-msg_tv_04_09_04_3,"{tag:0} is where I went,
hoping to find Berries by scent!",0,-1,54,1080,0,"-1
0
0
-1
0",0,1,5,0,0,0,,0
262,107-msg_tv_04_09_04_4,"{pageend:But! No Berries there were...}
Still, all is not lost! The plant’s sprout has burst
up! It’s a celebration of life!",0,-1,54,1080,0,"-1
0
0
-1
0"
263,107-msg_tv_04_09_04_5,"{pageend:All of you watching, don’t trample it underfoot!}
Say hey! Check your Berries today!
Thanks, everyone!",0,-1,54,1080,0,"-1
0
0
-1
0"
264,107-msg_tv_04_09_05_1,"{pageend:Say hey, hey, how do your Berries grow today?}
Say hey, Berry fans, how goes it today? OK?",0,-1,54,1080,0,"-1
0
0
-1
0"
265,107-msg_tv_04_09_05_2,"Enough fooling about, let me lay it right out:
Today’s Berry Lookout!",0,-1,54,1080,0,"-1
0
0
-1
0"
266,107-msg_tv_04_09_05_3,"{tag:0} is where I went,
hoping to find Berries by scent!",0,-1,54,1080,0,"-1
0
0
-1
0",0,1,5,0,0,0,,0
267,107-msg_tv_04_09_05_4,"{pageend:But! No Berries there were...}
My time had been wasted! I had traveled in vain!
My excitement shriveled and withered away...",0,-1,54,1080,0,"-1
0
0
-1
0"
268,107-msg_tv_04_09_05_5,"But it must mean someone’s happy for having
{pageend:picked Berries!}
Say hey! Plant your Berries today!
Thanks, everyone!",0,-1,54,1080,0,"-1
0
0
-1
0"
269,104-msg_tv_03_01_01_1,"{pageend:It’s time for Rack ’Em Up Records!}
Today, we’ll look at an amazing record set by a
Battle Tower master!",0,-1,54,1080,0,"-1
0
0
-1
0"
270,104-msg_tv_03_01_01_2,A Battle Tower master?,0,-1,54,1080,0,"-1
0
0
-1
0"
271,104-msg_tv_03_01_01_3,"You heard right, Tanya! I’m talking about
{tag:0}’s {tag:1}{pageend:-led team.}
They set a new Single Battle record of {tag:2}
straight wins at the tower!",0,-1,54,1080,0,"-1
0
0
-1
0",0,1,0,0,0,0,,0,1,1,1,0,0,0,,0,2,2,3,1,0,0,,0
272,104-msg_tv_03_01_01_4,They must really enjoy climbing to high places.,0,-1,54,1080,0,"-1
0
0
-1
0"
273,104-msg_tv_03_01_01_5,"No, no, you’ve got that all wrong! They didn’t
{pageend:actually climb up the tower!}
They accomplished a super feat! See you
again, folks!",0,-1,54,1080,0,"-1
0
0
-1
0"
274,104-msg_tv_03_01_02_1,"{pageend:It’s time for Rack ’Em Up Records!}
Today, we’ll look at an amazing record set by a
Battle Tower master!",0,-1,54,1080,0,"-1
0
0
-1
0"
275,104-msg_tv_03_01_02_2,A Battle Tower master?,0,-1,54,1080,0,"-1
0
0
-1
0"
276,104-msg_tv_03_01_02_3,"You heard right, Tanya! I’m talking about
{tag:0}’s {tag:1}{pageend:-led team.}
They set a new Double Battle record of {tag:2}
straight wins at the tower!",0,-1,54,1080,0,"-1
0
0
-1
0",0,1,0,0,0,0,,0,1,1,1,0,0,0,,0,2,2,3,1,0,0,,0
277,104-msg_tv_03_01_02_4,They must have been scared of Single Battles.,0,-1,54,1080,0,"-1
0
0
-1
0"
278,104-msg_tv_03_01_02_5,"No, no, that’s not so! Double Battles are
{pageend:rough, too!}
They accomplished a super feat! See you
again, folks!",0,-1,54,1080,0,"-1
0
0
-1
0"
279,104-msg_tv_03_03_01_1,"{pageend:It’s time for Rack ’Em Up Records!}
Today, we’ll look at an amazing record on
Pokémon size. It’s huge!",0,-1,54,1080,0,"-1
0
0
-1
0"
280,104-msg_tv_03_03_01_2,This is about a huge Pokémon?,0,-1,54,1080,0,"-1
0
0
-1
0"
281,104-msg_tv_03_03_01_3,"You said it, Tanya!
The record was set by {tag:0}{pageend:.}
{tag:1}’s {tag:2} reached
the record size of {tag:3}.{tag:4} {tag:5}!",0,-1,54,1080,1,"-1
0
0
-1
0",0,1,0,0,0,0,,0,0,1,0,0,0,0,,0,1,1,1,0,0,0,,0,2,2,2,1,0,205,,0,3,2,0,1,0,205,,0,-1,19,1,5,0,2,"inch
inches",0
282,104-msg_tv_03_03_01_4,That would never fit in the palm of my hand.,0,-1,54,1080,0,"-1
0
0
-1
0"
283,104-msg_tv_03_03_01_5,"No, no, Tanya, you’re not getting your hands on
{pageend:one either way!}
Today’s Trainer sure set a super record! See you
again, folks!",0,-1,54,1080,0,"-1
0
0
-1
0"
284,104-msg_tv_03_05_01_1,"{pageend:It’s time for Rack ’Em Up Records!}
Today, we’ll look at an amazing record set by a
ribbon master!",0,-1,54,1080,0,"-1
0
0
-1
0"
285,104-msg_tv_03_05_01_2,"Ribbons? I’m not wearing any, though.",0,-1,54,1080,0,"-1
0
0
-1
0"
286,104-msg_tv_03_05_01_3,"{pageend:No, no! I’m talking about Pokémon ribbons!}
{tag:0}’s {tag:1} received
a nice {tag:2}{pageend:!}
And in fact, that’s Ribbon No. {tag:3} for them!",0,-1,54,1080,1,"-1
0
0
-1
0",0,1,0,0,0,0,,0,1,1,1,0,0,0,,0,2,1,38,0,0,0,,0,3,2,2,1,0,205,,0
287,104-msg_tv_03_05_01_4,Do you think it suits them?,0,-1,54,1080,0,"-1
0
0
-1
0"
288,104-msg_tv_03_05_01_5,"Don’t worry about the details! See you
again, folks!",0,-1,54,1080,0,"-1
0
0
-1
0"
289,104-msg_tv_03_06_01_1,"{pageend:It’s time for Rack ’Em Up Records!}
Today, we’ll look at an amazing record set by a
Berry master!",0,-1,54,1080,0,"-1
0
0
-1
0"
290,104-msg_tv_03_06_01_2,Berries? Is this a small record?,0,-1,54,1080,0,"-1
0
0
-1
0"
291,104-msg_tv_03_06_01_3,"{pageend:No, no, Tanya! This isn’t about size!}
Nope, this is about {tag:0} growing a
healthy {tag:1}{pageend: plant.}
The Trainer picked an unreal number of Berries
from that plant.",0,-1,54,1080,0,"-1
0
0
-1
0",0,1,0,0,0,0,,0,1,1,9,0,0,0,,0
292,104-msg_tv_03_06_01_4,The Trainer sounds like a real glutton.,0,-1,54,1080,0,"-1
0
0
-1
0"
293,104-msg_tv_03_06_01_5,"No, no, Tanya! {tag:0} isn’t eating
{pageend:the Berries!}
It’s about how many were picked! See you
again, folks!",0,-1,54,1080,1,"-1
0
0
-1
0",0,1,0,0,0,0,,0
294,104-msg_tv_03_07_01_1,"{pageend:It’s time for Rack ’Em Up Records!}
Today, we’ll look at an amazing record set by a
tall grass master!",0,-1,54,1080,0,"-1
0
0
-1
0"
295,104-msg_tv_03_07_01_2,Oh... Is that tasty?,0,-1,54,1080,0,"-1
0
0
-1
0"
296,104-msg_tv_03_07_01_3,"Nobody’s talking about food right now! This is
about {tag:0}{pageend:’s record.}
Can you believe it? {tag:1} managed to run into
the same species of wild Pokémon {tag:2} times
in a row!",0,-1,54,1080,0,"-1
0
0
-1
0",0,1,0,0,0,0,,0,-1,19,0,5,0,255,"He
She",0,1,2,2,1,0,205,,0
297,104-msg_tv_03_07_01_4,Isn’t that just a coincidence?,0,-1,54,1080,0,"-1
0
0
-1
0"
298,104-msg_tv_03_07_01_5,"No way! You can’t do that by accident! It’s truly
amazing! See you again, folks!",0,-1,54,1080,0,"-1
0
0
-1
0"
327,105-msg_tvcm_01,The Pokémon Center. Always by your side.,0,-1,54,1080,0,"-1
0
0
-1
0"
328,105-msg_tvcm_02,Poké Mart. Where smiling faces gather.,0,-1,54,1080,0,"-1
0
0
-1
0"
329,105-msg_tvcm_03,"The preceding program has been brought to you
by Jubilife TV!",0,-1,54,1080,0,"-1
0
0
-1
0"
330,105-msg_tvcm_04,"For the better treatment of Pokémon—
the Trainers’ School.",0,-1,54,1080,0,"-1
0
0
-1
0"
331,105-msg_tvcm_05,"Where there is Pokétch, there is joy.",0,-1,54,1080,0,"-1
0
0
-1
0"
332,105-msg_tvcm_06,"Add to your smiles! New Pokétch apps are
{pageend:available now!}
Drop by the Pokétch Company in Jubilife
City today!",0,-1,54,1080,0,"-1
0
0
-1
0"
333,105-msg_tvcm_07,"Let us color your life. Pick a Peck of Colors
Flower Shop.",0,-1,54,1080,0,"-1
0
0
-1
0"
334,105-msg_tvcm_08,"Third gear! Fourth gear! Shift it up, down,
{pageend:all the way around!}
For the latest in bikes, look up Rad Rickshaw’s
Cycle Shop!",0,-1,54,1080,0,"-1
0
0
-1
0"
335,105-msg_tvcm_09,"The pinnacle of beauty! Overflowing elegance!
{pageend:Shockingly emotional!}
The Hearthome Super Contest Show!",0,-1,54,1080,0,"-1
0
0
-1
0"
336,105-msg_tvcm_10,"Enjoy a relaxing time with that special Pokémon...
Hearthome’s Amity Square.",0,-1,54,1080,0,"-1
0
0
-1
0"
337,105-msg_tvcm_11,"Visit the Veilstone Department Store.
You’re guaranteed to find smiles!",0,-1,54,1080,0,"-1
0
0
-1
0"
338,105-msg_tvcm_12,"Fashion from top to bottom. A perfect outfit
{pageend:for you!}
Metronome Style Shop. What’s your style today?",0,-1,54,1080,0,"-1
0
0
-1
0"
339,105-msg_tvcm_13,"Your Pokémon, lovingly cared for at Solaceon’s
Pokémon Nursery.",0,-1,54,1080,0,"-1
0
0
-1
0"
340,105-msg_tvcm_14,A different class. Hotel Grand Lake.,0,-1,54,1080,0,"-1
0
0
-1
0"
341,105-msg_tvcm_15,"A nature preserve where exotic Pokémon roam.
Pastoria City’s Great Marsh Safari Game.",0,-1,54,1080,0,"-1
0
0
-1
0"
342,105-msg_tvcm_16,"Want to see some snow? Visit the snowbound
Snowpoint City!",0,-1,54,1080,0,"-1
0
0
-1
0"
343,105-msg_tvcm_17,"Sunyshore’s hot spot! Sinnoh’s kitchen!
Come sample our wares! Sunyshore Market.",0,-1,54,1080,0,"-1
0
0
-1
0"
344,105-msg_tvcm_18,"Link with the world and join new circles
{pageend:of friends!}
The GWS—Global Wonder Station—awaits you
in Jubilife City.",0,-1,54,1080,0,"-1
0
0
-1
0"
345,105-msg_tvcm_19,"Pokémon! Pokémon! We’re full of Pokémon
at Renegade Park!",0,-1,54,1080,0,"-1
0
0
-1
0"
346,105-msg_tvcm_20,"High-speed ferry service to and from the Battle
Zone! Departing daily from Snowpoint City!",0,-1,54,1080,0,"-1
0
0
-1
0"
347,105-msg_tvcm_21,"An endless challenge for Trainers and
{pageend:Pokémon alike...}
The Battle Zone—a towering hurdle for
all Trainers!",0,-1,54,1080,0,"-1
0
0
-1
0"
348,105-msg_tvcm_22,"Sublimely sophisticated. The Ribbon Syndicate—
members only.",0,-1,54,1080,0,"-1
0
0
-1
0"
349,105-msg_tvcm_23,Our peace for your world. Team Galactic.,0,-1,54,1080,0,"-1
0
0
-1
0"
350,105-msg_tvcm_24,Find peace in our world! Team Galactic.,0,-1,54,1080,0,"-1
0
0
-1
0"
351,105-msg_tvcm_25,"Have an exciting time with your friends nearby.
The Local Room is where people connect.",0,-1,54,1080,0,"-1
0
0
-1
0"
352,105-msg_tvcm_26,"{pageend:Meet friends anywhere and anytime.}
Form special bonds with people all over the
world at the Global Club!",0,-1,54,1080,0,"-1
0
0
-1
0"
353,105-msg_tvcm_27,"{pageend:If what you seek is the best in battling...}
The Battle Tower—the greatest battles you will
ever experience.",0,-1,54,1080,0,"-1
0
0
-1
0"
354,105-msg_tvcm_28,"Do you know the true face of the Battle Tower?
{pageend:The doors are thrown open to the world!}
Every Trainer on the planet can become your
opponent! How will you fare against the world?",0,-1,54,1080,0,"-1
0
0
-1
0"
355,105-msg_tvcm_29,"To the seas beyond surfing! High-speed ferry
S.S. Sinnoh. Bon voyage in safety!",0,-1,54,1080,0,"-1
0
0
-1
0"
357,107-msg_tv_04_11_01_1,"{pageend:It’s the Pokémon Research Corner!}
Today, we’ll examine a wild Pokémon live in
the field.",0,-1,54,1080,0,"-1
0
0
-1
0"
358,107-msg_tv_04_11_01_2,"Ah, here we go. A wild {tag:0}
{pageend:conveniently just came along...}
Oh? It’s holding something! Let’s roll on up and
take a look!",0,-1,54,1080,0,"-1
0
0
-1
0",0,1,1,0,0,0,,0
359,107-msg_tv_04_11_01_3,"{pageend:Hi, there! Can I take a look...?}
{pageend:Yow! Ouch! It scratched my finger!}
But OK, we now know that wild {tag:0}
have the possibility of holding
{tag:1}{tag:2}.",0,-1,54,1080,0,"-1
0
0
-1
0",0,1,1,0,0,0,,0,-1,19,5,5,0,1,,0,1,1,10,0,0,0,,0
360,107-msg_tv_04_11_01_4,"Thank you, {tag:0}, here’s your
{tag:1}{pageend: back...}
Aiyaaah! Ow, ow, ow! Scratched me again!",0,-1,54,1080,0,"-1
0
0
-1
0",0,1,1,0,0,0,,0,1,1,9,0,0,0,,0
361,107-msg_tv_04_11_01_5,"As usual, I got a Pokémon riled up at me!
It’s time for me to go! So long!",0,-1,54,1080,0,"-1
0
0
-1
0"
362,108-msg_tv_01_02_01_1,"Wa-hey! This is the Battle Tower Corner going
out to battle maniacs region-wide!",0,-1,54,1080,0,"-1
0
0
-1
0"
363,108-msg_tv_01_02_01_2,"Today, we look at {tag:0}, who racked
up {tag:1}{pageend: straight wins at the Battle Tower!}
Let’s hear what that brave Trainer had to say
about it. Take it away, {tag:2}!",0,-1,54,1080,0,"-1
0
0
-1
0",1,1,0,0,0,0,,0,0,2,2,1,0,205,,0,1,1,0,0,0,0,,0
364,108-msg_tv_01_02_01_3,"Uh-huh, uh-huh. The sun on the horizon from the
{pageend:window of the tower...}
Wa-hey! Bravo! You can tell the Trainer’s loving
that {tag:0}-win streak!",0,-1,54,1080,0,"-1
0
0
-1
0",0,2,2,1,0,205,,0
365,108-msg_tv_01_02_01_4,"All right, gang, come on down to the Battle
Tower and get down! Keep it real! Wa-hey!",0,-1,54,1080,0,"-1
0
0
-1
0"
366,108-msg_tv_01_02_02_1,"Wa-hey! This is the Battle Tower Corner going
out to battle maniacs region-wide!",0,-1,54,1080,0,"-1
0
0
-1
0"
367,108-msg_tv_01_02_02_2,"Today, we look at {tag:0}, who missed
getting {tag:1}{pageend: straight wins at the Battle Tower!}
Let’s hear what that brokenhearted Trainer had
to say about it. Take it away, {tag:2}!",0,-1,54,1080,0,"-1
0
0
-1
0",1,1,0,0,0,0,,0,0,2,2,1,0,205,,0,1,1,0,0,0,0,,0
368,108-msg_tv_01_02_02_3,"Uh-huh, uh-huh. You were so disappointed and
{pageend:mad at yourself that you couldn’t stop crying...}
Wa-hey! That’s real hurting! The harsh realities of
battling are laid bare, and they’re not pretty!",0,-1,54,1080,0,"-1
0
0
-1
0"
369,108-msg_tv_01_02_02_4,"All right, gang, come on down to the Battle
Tower and get down! Keep it real! Wa-hey!",0,-1,54,1080,0,"-1
0
0
-1
0"
370,108-msg_tv_01_04_01_1,"Hello, this is Your Pokémon Corner.",0,-1,54,1080,0,"-1
0
0
-1
0"
371,108-msg_tv_01_04_01_2,"Today, we look at {tag:0},
{tag:1}’s beloved {tag:2}.",0,-1,54,1080,1,"-1
0
0
-1
0",2,1,2,0,0,0,,0,0,1,0,0,0,0,,0,1,1,1,0,0,0,,0
372,108-msg_tv_01_04_01_3,"What does {tag:0} mean to you,
{tag:1}{pageend:? Uh-huh, uh-huh...}
It’s always there for you—uh-uh, uh-huh—
{pageend:whether you are awake or asleep.}
Thank you, {tag:2}. I can tell how
close you are!",0,-1,54,1080,1,"-1
0
0
-1
0",2,1,2,0,0,0,,0,0,1,0,0,0,0,,0,0,1,0,0,0,0,,0
373,108-msg_tv_01_04_01_4,"OK, viewers, keep showing us the Pokémon that
are your pride and joy! Let’s meet again!",0,-1,54,1080,0,"-1
0
0
-1
0"
374,108-msg_tv_01_05_01_1,"{pageend:It’s time for Our Favorite Items...}
Today we’ll introduce an item recommended by
{tag:0} of Twinleaf Town...",0,-1,54,1080,0,"-1
0
0
-1
0",0,1,0,0,0,0,,0
375,108-msg_tv_01_05_01_2,"{tag:0}{tag:1}{pageend:.}
{pageend:What items would all you viewers recommend?}
Anyhow, we’ll wrap up today’s show with
these words...",0,-1,54,1080,0,"-1
0
0
-1
0",-1,19,6,5,0,1,,0,1,1,9,0,0,0,,0
376,108-msg_tv_01_05_01_3,"“Forget fond memories—
choose {tag:0}{pageend:!”}
Umm... This program has been brought to you by
the Poké Mart...",0,-1,54,1080,0,"-1
0
0
-1
0",1,1,9,0,0,0,,0
377,108-msg_tv_01_05_02_1,"{pageend:It’s time for Our Favorite Items...}
Today we’ll introduce an item recommended by
{tag:0} of Twinleaf Town...",0,-1,54,1080,0,"-1
0
0
-1
0",0,1,0,0,0,0,,0
378,108-msg_tv_01_05_02_2,"{tag:0}{tag:1}{pageend:.}
{pageend:What items would all you viewers recommend?}
Anyhow, we’ll wrap up today’s show with
these words...",0,-1,54,1080,0,"-1
0
0
-1
0",-1,19,6,5,0,1,,0,1,1,9,0,0,0,,0
379,108-msg_tv_01_05_02_3,"“{tag:0}{pageend: is your friend.”}
Umm... This program has been brought to you by
the Poké Mart...",0,-1,54,1080,0,"-1
0
0
-1
0",1,1,9,0,0,0,,0
380,108-msg_tv_01_05_03_1,"{pageend:It’s time for Our Favorite Items...}
Today we’ll introduce an item recommended by
{tag:0} of Twinleaf Town...",0,-1,54,1080,0,"-1
0
0
-1
0",0,1,0,0,0,0,,0
381,108-msg_tv_01_05_03_2,"{tag:0}{tag:1}{pageend:.}
{pageend:What items would all you viewers recommend?}
Anyhow, we’ll wrap up today’s show with
these words...",0,-1,54,1080,0,"-1
0
0
-1
0",-1,19,6,5,0,1,,0,1,1,9,0,0,0,,0
382,108-msg_tv_01_05_03_3,"“{tag:0} will be
{tag:1}{pageend:’s salvation.”}
Umm... This program has been brought to you by
the Poké Mart...",0,-1,54,1080,1,"-1
0
0
-1
0",1,1,9,0,0,0,,0,0,1,0,0,0,0,,0
383,108-msg_tv_01_05_04_1,"{pageend:It’s time for Our Favorite Items...}
Today we’ll introduce an item recommended by
{tag:0} of Twinleaf Town...",0,-1,54,1080,0,"-1
0
0
-1
0",0,1,0,0,0,0,,0
384,108-msg_tv_01_05_04_2,"{tag:0}{tag:1}{pageend:.}
{pageend:What items would all you viewers recommend?}
Anyhow, we’ll wrap up today’s show with
these words...",0,-1,54,1080,0,"-1
0
0
-1
0",-1,19,6,5,0,1,,0,1,1,9,0,0,0,,0
385,108-msg_tv_01_05_04_3,"“{tag:0} is
50% {tag:1}{pageend:.”}
Umm... This program has been brought to you by
the Poké Mart...",0,-1,54,1080,1,"-1
0
0
-1
0",0,1,0,0,0,0,,0,1,1,9,0,0,0,,0
386,108-msg_tv_01_06_01_1,"Sorry to keep you waiting. It’s time for
{pageend:The Pokétch Watch!}
Today, we examine {tag:0}’s favorite
Pokétch app.",0,-1,54,1080,0,"-1
0
0
-1
0",0,1,0,0,0,0,,0
387,108-msg_tv_01_06_01_2a,"The app {tag:0} likes best is
the {tag:1}{pageend:.}
When asked why, the Trainer replied,
“It’s easy to use.”",0,-1,54,1080,1,"-1
0
0
-1
0",0,1,0,0,0,0,,0,1,1,21,0,0,0,,0
388,108-msg_tv_01_06_01_2b,"The app {tag:0} likes best is
the {tag:1}{pageend:.}
When asked why, the Trainer replied,
“It looks so cute.”",0,-1,54,1080,1,"-1
0
0
-1
0",0,1,0,0,0,0,,0,1,1,21,0,0,0,,0
389,108-msg_tv_01_06_01_2c,"The app {tag:0} likes best is
the {tag:1}{pageend:.}
When asked why, the Trainer replied,
“Just using it makes it easier to fall asleep.”",0,-1,54,1080,1,"-1
0
0
-1
0",0,1,0,0,0,0,,0,1,1,21,0,0,0,,0
390,108-msg_tv_01_06_01_3,"Credit to you, {tag:0}. Your choice is
{pageend:cool and calculated.}
Why not be like {tag:1} and
show off your coolness with the
{tag:2}{pageend: app, too?}
See you again, darlings...",0,-1,54,1080,1,"-1
0
0
-1
0",0,1,0,0,0,0,,0,0,1,0,0,0,0,,0,1,1,21,0,0,0,,0
391,108-msg_tv_01_07_01_1,"We’re bringing you this live from the
{pageend:Contest Hall!}
The atmosphere is charged with the fervent
passion of Trainers with high hopes for their
prized Pokémon!",0,-1,54,1080,0,"-1
0
0
-1
0"
392,108-msg_tv_01_07_01_2,"Oh! Here come some contestants! They’ve just
{pageend:finished a contest!}
Let’s hit them up for an impromptu interview!",0,-1,54,1080,0,"-1
0
0
-1
0"
393,108-msg_tv_01_07_01_3,"Hello! Jubilife TV! Was this {tag:0}
{pageend:in a contest show?}
Oh, you entered {tag:1}{tag:2}
{tag:3}?",0,-1,54,1080,1,"-1
0
0
-1
0",0,1,1,0,0,0,,0,-1,19,5,5,0,2,,0,2,1,32,0,0,0,,0,1,1,31,0,0,0,,0
394,108-msg_tv_01_07_01_4,How do you feel about the results?,0,-1,54,1080,0,"-1
0
0
-1
0"
549,109-msg_tv_interview_deco01,Roark,37,-1,42,294,0,"-1
0
0
-1
0"
550,109-msg_tv_interview_deco02,Gardenia,37,-1,42,294,0,"-1
0
0
-1
0"
551,109-msg_tv_interview_deco03,Maylene,37,-1,42,294,0,"-1
0
0
-1
0"
395,108-msg_tv_01_07_01_5d,"Tell me.
... ... ...
I see, I see...
... ... ...
Uh-huh, uh-huh...
... ... ...
{pageend:I see.}
In short, they felt a sense of unity with the whole
audience, which in turn contributed to their
excellent performance!",0,-1,54,1080,0,"-1
0
0
-1
0"
396,108-msg_tv_01_07_01_6,"{tag:0}, thank you for your great show!
That’s it for my report from the Contest Hall!",0,-1,54,1080,0,"-1
0
0
-1
0",0,1,45,0,0,0,,0
397,108-msg_tv_01_10_01_1,It’s the Street Corner Personality Checkup!,0,-1,54,1080,0,"-1
0
0
-1
0"
398,108-msg_tv_01_10_01_2,"{tag:0}{pageend: is our featured Trainer today.}
In our interview, our Trainer picked the Normal
type as their favorite.",0,-1,54,1080,0,"-1
0
0
-1
0",0,1,0,0,0,0,,0
399,108-msg_tv_01_10_01_3,"So, what sort of personality likes the
{pageend:Normal type?}
Our experts say they are cheerful but actually
{pageend:quite shy.}
They tend to be boisterous and fun-loving in
{pageend:a group.}
But they clam up if you get them alone with
{pageend:another person.}
Did this analysis sound good to you?",0,-1,54,1080,0,"-1
0
0
-1
0"
400,108-msg_tv_01_10_02_1,It’s the Street Corner Personality Checkup!,0,-1,54,1080,0,"-1
0
0
-1
0"
401,108-msg_tv_01_10_02_2,"{tag:0}{pageend: is our featured Trainer today.}
In our interview, our Trainer picked the Fire type
as their favorite.",0,-1,54,1080,0,"-1
0
0
-1
0",0,1,0,0,0,0,,0
402,108-msg_tv_01_10_02_3,"{pageend:So, what sort of personality likes the Fire type?}
{pageend:Our experts say they tend to be very self-reliant.}
If one of their friends is depressed, they’ll be the
{pageend:first to cheer that friend up.}
But if they are hurting, they will try to deal with
{pageend:it themselves.}
Did this analysis sound good to you?",0,-1,54,1080,0,"-1
0
0
-1
0"
403,108-msg_tv_01_10_03_1,It’s the Street Corner Personality Checkup!,0,-1,54,1080,0,"-1
0
0
-1
0"
404,108-msg_tv_01_10_03_2,"{tag:0}{pageend: is our featured Trainer today.}
In our interview, our Trainer picked the Water
type as their favorite.",0,-1,54,1080,0,"-1
0
0
-1
0",0,1,0,0,0,0,,0
405,108-msg_tv_01_10_03_3,"{pageend:So, what sort of personality likes the Water type?}
Our experts say they tend to be very sure of their
{pageend:own values.}
They are not easily swayed by fashion
{pageend:movements or trends.}
{pageend:They tend to loyally stick with whatever they like.}
Did this analysis sound good to you?",0,-1,54,1080,0,"-1
0
0
-1
0"
406,108-msg_tv_01_10_04_1,It’s the Street Corner Personality Checkup!,0,-1,54,1080,0,"-1
0
0
-1
0"
407,108-msg_tv_01_10_04_2,"{tag:0}{pageend: is our featured Trainer today.}
In our interview, our Trainer picked the Electric
type as their favorite.",0,-1,54,1080,0,"-1
0
0
-1
0",0,1,0,0,0,0,,0
408,108-msg_tv_01_10_04_3,"So, what sort of personality likes the
{pageend:Electric type?}
Our experts say they tend to be very
{pageend:fashion conscious.}
They may appear to be nonchalant about things,
{pageend:but don’t be fooled.}
They tend to be particular about aesthetics,
even down to their clothes hangers and what
{pageend:erasers they use.}
Did this analysis sound good to you?",0,-1,54,1080,0,"-1
0
0
-1
0"
409,108-msg_tv_01_10_05_1,It’s the Street Corner Personality Checkup!,0,-1,54,1080,0,"-1
0
0
-1
0"
410,108-msg_tv_01_10_05_2,"{tag:0}{pageend: is our featured Trainer today.}
In our interview, our Trainer picked the Grass
type as their favorite.",0,-1,54,1080,0,"-1
0
0
-1
0",0,1,0,0,0,0,,0
411,108-msg_tv_01_10_05_3,"{pageend:So, what sort of personality likes the Grass type?}
Our experts say they march to the beat of their
{pageend:own drum.}
They are self-motivated and capable of finishing
{pageend:projects on their own.}
However, they have trouble deciding when a job
{pageend:is done well enough.}
Did this analysis sound good to you?",0,-1,54,1080,0,"-1
0
0
-1
0"
412,108-msg_tv_01_10_06_1,It’s the Street Corner Personality Checkup!,0,-1,54,1080,0,"-1
0
0
-1
0"
413,108-msg_tv_01_10_06_2,"{tag:0}{pageend: is our featured Trainer today.}
In our interview, our Trainer picked the Ice type
as their favorite.",0,-1,54,1080,0,"-1
0
0
-1
0",0,1,0,0,0,0,,0
414,108-msg_tv_01_10_06_3,"{pageend:So, what sort of personality likes the Ice type?}
Our experts say they tend to be pure of heart
{pageend:and well-intentioned.}
They work selflessly to help friends that are dear
{pageend:to them.}
However, they may also become upset if their
{pageend:efforts go unnoticed.}
Did this analysis sound good to you?",0,-1,54,1080,0,"-1
0
0
-1
0"
415,108-msg_tv_01_10_07_1,It’s the Street Corner Personality Checkup!,0,-1,54,1080,0,"-1
0
0
-1
0"
416,108-msg_tv_01_10_07_2,"{tag:0}{pageend: is our featured Trainer today.}
In our interview, our Trainer picked the
Fighting type as their favorite.",0,-1,54,1080,0,"-1
0
0
-1
0",0,1,0,0,0,0,,0
417,108-msg_tv_01_10_07_3,"So, what sort of personality likes the
{pageend:Fighting type?}
Our experts say they tend to be
{pageend:dreamy-eyed romantics.}
They are very loyal to ideas and things that they
{pageend:hold dear.}
They constantly try to reinvent themselves to
{pageend:chase their dreams.}
Did this analysis sound good to you?",0,-1,54,1080,0,"-1
0
0
-1
0"
418,108-msg_tv_01_10_08_1,It’s the Street Corner Personality Checkup!,0,-1,54,1080,0,"-1
0
0
-1
0"
419,108-msg_tv_01_10_08_2,"{tag:0}{pageend: is our featured Trainer today.}
In our interview, our Trainer picked the Poison
type as their favorite.",0,-1,54,1080,0,"-1
0
0
-1
0",0,1,0,0,0,0,,0
420,108-msg_tv_01_10_08_3,"So, what sort of personality likes the
{pageend:Poison type?}
Our experts say they tend to be sensitive
{pageend:and compassionate.}
They know how to cheer people up when they
{pageend:are feeling down.}
But they also know when to let people despair
{pageend:in peace.}
Did this analysis sound good to you?",0,-1,54,1080,0,"-1
0
0
-1
0"
421,108-msg_tv_01_10_09_1,It’s the Street Corner Personality Checkup!,0,-1,54,1080,0,"-1
0
0
-1
0"
422,108-msg_tv_01_10_09_2,"{tag:0}{pageend: is our featured Trainer today.}
In our interview, our Trainer picked the Ground
type as their favorite.",0,-1,54,1080,0,"-1
0
0
-1
0",0,1,0,0,0,0,,0
423,108-msg_tv_01_10_09_3,"So, what sort of personality likes the
{pageend:Ground type?}
Our experts say they are people that love
{pageend:new things.}
They are always alert to things that sound
entertaining, even those that aren’t appealing
{pageend:to themselves.}
Their rooms are easily identifiable by stacks
{pageend:of books, games, and so on.}
Did this analysis sound good to you?",0,-1,54,1080,0,"-1
0
0
-1
0"
424,108-msg_tv_01_10_10_1,It’s the Street Corner Personality Checkup!,0,-1,54,1080,0,"-1
0
0
-1
0"
425,108-msg_tv_01_10_10_2,"{tag:0}{pageend: is our featured Trainer today.}
In our interview, our Trainer picked the Flying
type as their favorite.",0,-1,54,1080,0,"-1
0
0
-1
0",0,1,0,0,0,0,,0
426,108-msg_tv_01_10_10_3,"{pageend:So, what sort of personality likes the Flying type?}
Our experts say they tend to be smart but
{pageend:quite modest.}
When solving problems in groups, they come up
{pageend:with solutions first.}
However, they will only give out hints to make it
{pageend:appear as if the group came up with the solution.}
Did this analysis sound good to you?",0,-1,54,1080,0,"-1
0
0
-1
0"
427,108-msg_tv_01_10_11_1,It’s the Street Corner Personality Checkup!,0,-1,54,1080,0,"-1
0
0
-1
0"
428,108-msg_tv_01_10_11_2,"{tag:0}{pageend: is our featured Trainer today.}
In our interview, our Trainer picked the Psychic
type as their favorite.",0,-1,54,1080,0,"-1
0
0
-1
0",0,1,0,0,0,0,,0
429,108-msg_tv_01_10_11_3,"So, what sort of personality likes the
{pageend:Psychic type?}
Our experts say they tend to be very upbeat
{pageend:and happy.}
If they battle friends, battling itself makes
{pageend:them happy.}
They can thank their opponents with a smile,
{pageend:regardless of the outcome.}
Did this analysis sound good to you?",0,-1,54,1080,0,"-1
0
0
-1
0"
430,108-msg_tv_01_10_12_1,It’s the Street Corner Personality Checkup!,0,-1,54,1080,0,"-1
0
0
-1
0"
431,108-msg_tv_01_10_12_2,"{tag:0}{pageend: is our featured Trainer today.}
In our interview, our Trainer picked the Bug type
as their favorite.",0,-1,54,1080,0,"-1
0
0
-1
0",0,1,0,0,0,0,,0
432,108-msg_tv_01_10_12_3,"{pageend:So, what sort of personality likes the Bug type?}
Our experts say they tend to be enthusiastic
{pageend:and happy.}
If they find something they like, they will try to
{pageend:popularize it.}
They won’t think twice before taking hours to
{pageend:explain their hobbies.}
Did this analysis sound good to you?",0,-1,54,1080,0,"-1
0
0
-1
0"
433,108-msg_tv_01_10_13_1,It’s the Street Corner Personality Checkup!,0,-1,54,1080,0,"-1
0
0
-1
0"
434,108-msg_tv_01_10_13_2,"{tag:0}{pageend: is our featured Trainer today.}
In our interview, our Trainer picked the Rock type
as their favorite.",0,-1,54,1080,0,"-1
0
0
-1
0",0,1,0,0,0,0,,0
435,108-msg_tv_01_10_13_3,"{pageend:So, what sort of personality likes the Rock type?}
Our experts say they are calm, collected,
{pageend:and supportive.}
They remain calm and optimistic even when
{pageend:others are panicking.}
They can be counted on to provide sure support
{pageend:in tight situations.}
Did this analysis sound good to you?",0,-1,54,1080,0,"-1
0
0
-1
0"
436,108-msg_tv_01_10_14_1,It’s the Street Corner Personality Checkup!,0,-1,54,1080,0,"-1
0
0
-1
0"
437,108-msg_tv_01_10_14_2,"{tag:0}{pageend: is our featured Trainer today.}
In our interview, our Trainer picked the Ghost
type as their favorite.",0,-1,54,1080,0,"-1
0
0
-1
0",0,1,0,0,0,0,,0
438,108-msg_tv_01_10_14_3,"{pageend:So, what sort of personality likes the Ghost type?}
{pageend:Our experts say they tend to be fun-loving types.}
If something makes them happy, they’d rather
{pageend:not tell others about it.}
Instead, they’ll try to replicate the experience
{pageend:for their friends.}
Did this analysis sound good to you?",0,-1,54,1080,0,"-1
0
0
-1
0"
439,108-msg_tv_01_10_15_1,It’s the Street Corner Personality Checkup!,0,-1,54,1080,0,"-1
0
0
-1
0"
440,108-msg_tv_01_10_15_2,"{tag:0}{pageend: is our featured Trainer today.}
In our interview, our Trainer picked the Dragon
type as their favorite.",0,-1,54,1080,0,"-1
0
0
-1
0",0,1,0,0,0,0,,0
441,108-msg_tv_01_10_15_3,"So, what sort of personality likes the
{pageend:Dragon type?}
{pageend:Our experts say they tend to be timid and shy.}
They’re thoughtful enough to buy birthday gifts
{pageend:for friends.}
But they would rather leave the gifts at the
{pageend:friend’s door.}
Did this analysis sound good to you?",0,-1,54,1080,0,"-1
0
0
-1
0"
442,108-msg_tv_01_10_16_1,It’s the Street Corner Personality Checkup!,0,-1,54,1080,0,"-1
0
0
-1
0"
443,108-msg_tv_01_10_16_2,"{tag:0}{pageend: is our featured Trainer today.}
In our interview, our Trainer picked the Dark type
as their favorite.",0,-1,54,1080,0,"-1
0
0
-1
0",0,1,0,0,0,0,,0
444,108-msg_tv_01_10_16_3,"{pageend:So, what sort of personality likes the Dark type?}
Our experts say they tend to be very particular
{pageend:about their likes.}
They have defined tastes in music, books,
{pageend:movies, and so on.}
They can be entertained by their favorite things
{pageend:over and over.}
Did this analysis sound good to you?",0,-1,54,1080,0,"-1
0
0
-1
0"
445,108-msg_tv_01_10_17_1,It’s the Street Corner Personality Checkup!,0,-1,54,1080,0,"-1
0
0
-1
0"
446,108-msg_tv_01_10_17_2,"{tag:0}{pageend: is our featured Trainer today.}
In our interview, our Trainer picked the Steel
type as their favorite.",0,-1,54,1080,0,"-1
0
0
-1
0",0,1,0,0,0,0,,0
447,108-msg_tv_01_10_17_3,"{pageend:So, what sort of personality likes the Steel type?}
{pageend:Our experts say they tend to be miraculous sorts.}
They are dreamers who go to sleep with their
heads filled with everything they hope
{pageend:to achieve.}
The miraculous part is how they make one of
{pageend:their dreams come true.}
Did this analysis sound good to you?",0,-1,54,1080,0,"-1
0
0
-1
0"
448,108-msg_tv_01_10_18_1,It’s the Street Corner Personality Checkup!,0,-1,54,1080,0,"-1
0
0
-1
0"
449,108-msg_tv_01_10_18_2,"{tag:0}{pageend: is our featured Trainer today.}
In our interview, our Trainer picked the Fairy type
as their favorite.",0,-1,54,1080,0,"-1
0
0
-1
0",0,1,0,0,0,0,,0
450,108-msg_tv_01_10_18_3,"{pageend:So, what sort of personality likes the Fairy type?}
Our experts say they tend to be naturally
{pageend:cheerful and playful.}
They play a prank on people who are down and
{pageend:cheer them up.}
Did this analysis sound good to you?",0,-1,54,1080,0,"-1
0
0
-1
0"
451,108-msg_tv_01_11_01_1,"It’s the Three Cheers for Poffin Corner! How do
{pageend:you do?}
We bring you the Poffin Maniac as our
returning guest.",0,-1,54,1080,0,"-1
0
0
-1
0"
452,108-msg_tv_01_11_01_2,How do you do?,0,-1,54,1080,0,"-1
0
0
-1
0"
453,108-msg_tv_01_11_01_3,"Today, we have a fresh Poffin, not leftover,
by {tag:0}.",0,-1,54,1080,0,"-1
0
0
-1
0",0,1,0,0,0,0,,0
454,108-msg_tv_01_11_01_4,"Oh! {tag:0}{pageend:, yeah!}
Eating this would be like stuffing my mouth with
a Poffin jewelry box!",0,-1,54,1080,0,"-1
0
0
-1
0",1,1,15,0,0,0,,0
455,108-msg_tv_01_11_01_5,"Upon seeing the finished Poffin,
{tag:0} had this to say:
“I created this while imagining a colorful
{pageend:jewelry box.”}
Very impressive, Poffin Maniac! You know what
you’re talking about!",0,-1,54,1080,1,"-1
0
0
-1
0",0,1,0,0,0,0,,0
456,108-msg_tv_01_11_01_6,"Oh, I’d dearly love to eat one of those!",0,-1,54,1080,0,"-1
0
0
-1
0"
457,108-msg_tv_01_11_01_7,"Viewers, take a cue from {tag:0} and
{pageend:get cooking!}
Back next time with more mouthwatering Poffins!",0,-1,54,1080,1,"-1
0
0
-1
0",0,1,0,0,0,0,,0
458,108-msg_tv_01_11_02_1,"It’s the Three Cheers for Poffin Corner! How do
{pageend:you do?}
We bring you the Poffin Maniac as our
returning guest.",0,-1,54,1080,0,"-1
0
0
-1
0"
459,108-msg_tv_01_11_02_2,How do you do?,0,-1,54,1080,0,"-1
0
0
-1
0"
460,108-msg_tv_01_11_02_3,"Today, we have a fresh Poffin, not leftover,
by {tag:0}.",0,-1,54,1080,0,"-1
0
0
-1
0",0,1,0,0,0,0,,0
461,108-msg_tv_01_11_02_4,"Oh! {tag:0}{pageend:, yeah!}
Eating this would be like having a Poffin
orchestra in my mouth!",0,-1,54,1080,0,"-1
0
0
-1
0",1,1,15,0,0,0,,0
462,108-msg_tv_01_11_02_5,"Upon seeing the finished Poffin,
{tag:0} had this to say:
“I created this while imagining a
{pageend:dynamic orchestra.”}
Very impressive, Poffin Maniac! You know what
you’re talking about!",0,-1,54,1080,1,"-1
0
0
-1
0",0,1,0,0,0,0,,0
463,108-msg_tv_01_11_02_6,"Oh, I’d dearly love to eat one of those!",0,-1,54,1080,0,"-1
0
0
-1
0"
464,108-msg_tv_01_11_02_7,"Viewers, take a cue from {tag:0} and
{pageend:get cooking!}
Back next time with more mouthwatering Poffins!",0,-1,54,1080,1,"-1
0
0
-1
0",0,1,0,0,0,0,,0
465,108-msg_tv_01_11_03_1,"It’s the Three Cheers for Poffin Corner! How do
{pageend:you do?}
We bring you the Poffin Maniac as our
returning guest.",0,-1,54,1080,0,"-1
0
0
-1
0"
466,108-msg_tv_01_11_03_2,How do you do?,0,-1,54,1080,0,"-1
0
0
-1
0"
467,108-msg_tv_01_11_03_3,"Today, we have a fresh Poffin, not leftover,
by {tag:0}.",0,-1,54,1080,0,"-1
0
0
-1
0",0,1,0,0,0,0,,0
468,108-msg_tv_01_11_03_4,"Oh! {tag:0}{pageend:, yeah!}
Eating this would be like having a Poffin
trampoline in my mouth!",0,-1,54,1080,0,"-1
0
0
-1
0",1,1,15,0,0,0,,0
469,108-msg_tv_01_11_03_5,"Upon seeing the finished Poffin,
{tag:0} had this to say:
“I created this while imagining an
{pageend:exciting trampoline.”}
Very impressive, Poffin Maniac! You know what
you’re talking about!",0,-1,54,1080,1,"-1
0
0
-1
0",0,1,0,0,0,0,,0
470,108-msg_tv_01_11_03_6,"Oh, I’d dearly love to eat one of those!",0,-1,54,1080,0,"-1
0
0
-1
0"
471,108-msg_tv_01_11_03_7,"Viewers, take a cue from {tag:0} and
{pageend:get cooking!}
Back next time with more mouthwatering Poffins!",0,-1,54,1080,1,"-1
0
0
-1
0",0,1,0,0,0,0,,0
472,108-msg_tv_01_11_04_1,"It’s the Three Cheers for Poffin Corner! How do
{pageend:you do?}
We bring you the Poffin Maniac as our
returning guest.",0,-1,54,1080,0,"-1
0
0
-1
0"
473,108-msg_tv_01_11_04_2,How do you do?,0,-1,54,1080,0,"-1
0
0
-1
0"
474,108-msg_tv_01_11_04_3,"Today, we have a fresh Poffin, not leftover,
by {tag:0}.",0,-1,54,1080,0,"-1
0
0
-1
0",0,1,0,0,0,0,,0
475,108-msg_tv_01_11_04_4,"Oh! {tag:0}{pageend:, yeah!}
I didn’t prepare a comment for this
unexpected outcome!",0,-1,54,1080,0,"-1
0
0
-1
0",1,1,15,0,0,0,,0
476,108-msg_tv_01_11_04_5,"Upon seeing the finished Poffin,
{tag:0} had this to say:
{pageend:“I didn’t expect this outcome.”}
Very impressive, Poffin Maniac! You know what
you’re talking about!",0,-1,54,1080,0,"-1
0
0
-1
0",0,1,0,0,0,0,,0
477,108-msg_tv_01_11_04_6,"Oh, I’d dearly love to eat one of those!",0,-1,54,1080,0,"-1
0
0
-1
0"
478,108-msg_tv_01_11_04_7,"Viewers, take a cue from {tag:0} and
{pageend:get cooking!}
Back next time with more mouthwatering Poffins!",0,-1,54,1080,0,"-1
0
0
-1
0",0,1,0,0,0,0,,0
479,108-msg_tv_01_11_05_1,"It’s the Three Cheers for Poffin Corner! How do
{pageend:you do?}
We bring you the Poffin Maniac as our
returning guest.",0,-1,54,1080,0,"-1
0
0
-1
0"
480,108-msg_tv_01_11_05_2,How do you do?,0,-1,54,1080,0,"-1
0
0
-1
0"
481,108-msg_tv_01_11_05_3,"Today, we have a fresh Poffin, not leftover,
by {tag:0}.",0,-1,54,1080,0,"-1
0
0
-1
0",0,1,0,0,0,0,,0
482,108-msg_tv_01_11_05_4,"Oh! {tag:0}{pageend:, yeah!}
Eating this would be like having a Poffin contest
show in my mouth!",0,-1,54,1080,0,"-1
0
0
-1
0",1,1,15,0,0,0,,0
483,108-msg_tv_01_11_05_5,"Upon seeing the finished Poffin,
{tag:0} had this to say:
“I created this while imagining a
{pageend:Super Contest Show.”}
Very impressive, Poffin Maniac! You know what
you’re talking about!",0,-1,54,1080,0,"-1
0
0
-1
0",0,1,0,0,0,0,,0
484,108-msg_tv_01_11_05_6,"Oh, I’d dearly love to eat one of those!",0,-1,54,1080,0,"-1
0
0
-1
0"
485,108-msg_tv_01_11_05_7,"Viewers, take a cue from {tag:0} and
{pageend:get cooking!}
Back next time with more mouthwatering Poffins!",0,-1,54,1080,0,"-1
0
0
-1
0",0,1,0,0,0,0,,0
486,108-msg_tv_01_13_01_1,"Hello, ladies and gentlemen. I trust you’ve
{pageend:been well.}
Thank you for joining me in the
Amity Square Watch.",0,-1,54,1080,0,"-1
0
0
-1
0"
487,108-msg_tv_01_13_01_2,"Today, I wish to cast your eyes upon
{tag:0}{pageend:’s stroll.}
I’m sure you’ll agree it’s most
enchantingly endearing.",0,-1,54,1080,1,"-1
0
0
-1
0",0,1,0,0,0,0,,0
488,108-msg_tv_01_13_01_3,"{tag:0} strolled with trusted
partner {tag:1}{pageend:.}
They walked, and they walked, and still
they walked...",0,-1,54,1080,1,"-1
0
0
-1
0",0,1,0,0,0,0,,0,1,1,1,0,0,0,,0
489,108-msg_tv_01_13_01_4,"{tag:0} so enjoyed the time, as they
made a lot of Poffins.",0,-1,54,1080,0,"-1
0
0
-1
0",1,1,1,0,0,0,,0
490,108-msg_tv_01_13_01_5,"{tag:0} and {tag:1} had
{pageend:a simply scintillating time together.}
{tag:2} described their feelings
together as, “Like lying down at the
Great Marsh.”",0,-1,54,1080,0,"-1
0
0
-1
0",0,1,0,0,0,0,,0,1,1,1,0,0,0,,0,0,1,0,0,0,0,,0
491,108-msg_tv_01_13_01_6,"Bonding with Pokémon...it makes me feel warm
all over. Until next time, adieu.",0,-1,54,1080,0,"-1
0
0
-1
0"
492,108-msg_tv_01_13_02_1,"Hello, ladies and gentlemen. I trust you’ve
{pageend:been well.}
Thank you for joining me in the
Amity Square Watch.",0,-1,54,1080,0,"-1
0
0
-1
0"
493,108-msg_tv_01_13_02_2,"Today, I wish to cast your eyes upon
{tag:0}{pageend:’s stroll.}
I’m sure you’ll agree it’s most
enchantingly endearing.",0,-1,54,1080,1,"-1
0
0
-1
0",0,1,0,0,0,0,,0
494,108-msg_tv_01_13_02_3,"{tag:0} strolled with trusted
partner {tag:1}{pageend:.}
They walked, and they walked, and still
they walked...",0,-1,54,1080,1,"-1
0
0
-1
0",0,1,0,0,0,0,,0,1,1,1,0,0,0,,0
495,108-msg_tv_01_13_02_4,{tag:0} so enjoyed the stroll.,0,-1,54,1080,0,"-1
0
0
-1
0",1,1,1,0,0,0,,0
496,108-msg_tv_01_13_02_5,"{tag:0} and {tag:1} had a
{pageend:simply scintillating time together.}
{tag:2} described their feeling
together as, “Like cycling around Cycling Road.”",0,-1,54,1080,0,"-1
0
0
-1
0",0,1,0,0,0,0,,0,1,1,1,0,0,0,,0,0,1,0,0,0,0,,0
497,108-msg_tv_01_13_02_6,"Bonding with Pokémon...it makes me feel warm
all over. Until next time, adieu.",0,-1,54,1080,0,"-1
0
0
-1
0"
498,108-msg_tv_01_13_03_1,"Hello, ladies and gentlemen. I trust you’ve
{pageend:been well.}
Thank you for joining me in the
Amity Square Watch.",0,-1,54,1080,0,"-1
0
0
-1
0"
499,108-msg_tv_01_13_03_2,"Today, I wish to cast your eyes upon
{tag:0}{pageend:’s stroll.}
I’m sure you’ll agree it’s most
enchantingly endearing.",0,-1,54,1080,1,"-1
0
0
-1
0",0,1,0,0,0,0,,0
500,108-msg_tv_01_13_03_3,"{tag:0} strolled with trusted
partner {tag:1}{pageend:.}
They walked, and they walked, and still
they walked...",0,-1,54,1080,1,"-1
0
0
-1
0",0,1,0,0,0,0,,0,1,1,1,0,0,0,,0
501,108-msg_tv_01_13_03_4,"{tag:0} so enjoyed the time
together, and it sought out items like {tag:1}
{tag:2} to please their Trainer.",0,-1,54,1080,0,"-1
0
0
-1
0",1,1,1,0,0,0,,0,-1,19,5,5,0,3,,0,3,1,9,0,0,0,,0
502,108-msg_tv_01_13_03_5,"{tag:0} and {tag:1} had
{pageend:a simply scintillating time together.}
{tag:2} described their feeling
together as, “Like surfing in a resort.”",0,-1,54,1080,0,"-1
0
0
-1
0",0,1,0,0,0,0,,0,1,1,1,0,0,0,,0,0,1,0,0,0,0,,0
503,108-msg_tv_01_13_03_6,"Bonding with Pokémon...it makes me feel warm
all over. Until next time, adieu.",0,-1,54,1080,0,"-1
0
0
-1
0"
515,109-msg_tv_interview_00_01,"{pageend:Hello! I’m with Jubilife TV!}
May I hit you up for a quick interview?",0,-1,54,1080,0,"-1
0
0
-1
0"
516,109-msg_tv_interview_00_02,"Oh, that’s too bad. I hope you can spare a few
moments some other time!",0,-1,54,1080,0,"-1
0
0
-1
0"
517,109-msg_tv_interview_00_03,"{pageend:Thank you for sharing your thoughts with us.}
We’ll be featuring this interview in an upcoming
{pageend:TV program.}
Please do tune in and see how you look on TV!",0,-1,54,1080,0,"-1
0
0
-1
0"
518,109-msg_tv_interview_02,"{pageend:Thank you very much! Let’s not waste any time.}
So, may I hear about your Battle
{pageend:Tower challenge?}
{pageend:Can you tell me what you’re feeling now?}
... ... ...
... ... ...
I see, I see.
{pageend:Thank you very much.}
We’ll be featuring this interview at a later date.
Please do tune in and see how you look on TV!",0,-1,54,1080,0,"-1
0
0
-1
0"
519,109-msg_tv_interview_04,"{pageend:Thank you very much! Let’s not waste any time.}
Your {tag:0} is quite appealing,
{pageend:isn’t it?}
May I have your comment on your
{tag:1}{pageend:?}
... ... ...
... ... ...
I see, I see.
{pageend:Thank you very much.}
We’ll be featuring this interview at a later date.
Please do tune in and see how you look on TV!",0,-1,54,1080,0,"-1
0
0
-1
0",0,1,1,0,0,0,,0,0,1,1,0,0,0,,0
520,109-msg_tv_interview_06_1,"{pageend:Thank you very much! Let’s not waste any time.}
May I ask you which Pokétch app you use
the most?",0,-1,54,1080,0,"-1
0
0
-1
0"
521,109-msg_tv_interview_06_2,"{pageend:Thank you very much! Let’s not waste any time.}
Your {tag:0} is quite
{pageend:appealing, isn’t it?}
May I have your comment on
your {tag:1}{pageend:?}
... ... ...
... ... ...
I see, I see.
{pageend:Thank you very much.}
We’ll be featuring this interview at a later date.
Please do tune in and see how you look on TV!",0,-1,54,1080,0,"-1
0
0
-1
0",0,1,21,0,0,0,,0,0,1,21,0,0,0,,0
522,109-msg_tv_interview_07,"{pageend:Thank you very much! Let’s not waste any time.}
So, may I hear about your Super Contest
{pageend:Show challenge?}
{pageend:Can you tell me what you’re feeling now?}
... ... ...
... ... ...
I see, I see.
{pageend:Thank you very much.}
We’ll be featuring this interview at a later date.
Please do tune in and see how you look on TV!",0,-1,54,1080,0,"-1
0
0
-1
0"
523,109-msg_tv_interview_10,"{pageend:Thank you very much! Let’s not waste any time.}
Please select your favorite Pokémon type from
this list.",0,-1,54,1080,0,"-1
0
0
-1
0"
524,109-msg_tv_interview_11,"{pageend:Thank you very much! Let’s not waste any time.}
Can you describe your feelings about
{pageend:preparing Poffins?}
... ... ...
... ... ...
I see, I see.
{pageend:Thank you very much.}
We’ll be featuring this interview at a later date.
Please do tune in and see how you look on TV!",0,-1,54,1080,0,"-1
0
0
-1
0"
530,109-msg_tv_interview_type01,Normal,50,-1,42,756,0,"-1
0
0
-1
0"
531,109-msg_tv_interview_type02,Fire,50,-1,42,756,0,"-1
0
0
-1
0"
532,109-msg_tv_interview_type03,Water,50,-1,42,756,0,"-1
0
0
-1
0"
533,109-msg_tv_interview_type04,Electric,50,-1,42,756,0,"-1
0
0
-1
0"
534,109-msg_tv_interview_type05,Grass,50,-1,42,756,0,"-1
0
0
-1
0"
535,109-msg_tv_interview_type06,Ice,50,-1,42,756,0,"-1
0
0
-1
0"
536,109-msg_tv_interview_type07,Fighting,50,-1,42,756,0,"-1
0
0
-1
0"
537,109-msg_tv_interview_type08,Poison,50,-1,42,756,0,"-1
0
0
-1
0"
538,109-msg_tv_interview_type09,Ground,50,-1,42,756,0,"-1
0
0
-1
0"
539,109-msg_tv_interview_type10,Flying,50,-1,42,756,0,"-1
0
0
-1
0"
540,109-msg_tv_interview_type11,Psychic,50,-1,42,756,0,"-1
0
0
-1
0"
541,109-msg_tv_interview_type12,Bug,50,-1,42,756,0,"-1
0
0
-1
0"
542,109-msg_tv_interview_type13,Rock,50,-1,42,756,0,"-1
0
0
-1
0"
543,109-msg_tv_interview_type14,Ghost,50,-1,42,756,0,"-1
0
0
-1
0"
544,109-msg_tv_interview_type15,Dragon,50,-1,42,756,0,"-1
0
0
-1
0"
545,109-msg_tv_interview_type16,Dark,50,-1,42,756,0,"-1
0
0
-1
0"
546,109-msg_tv_interview_type17,Steel,50,-1,42,756,0,"-1
0
0
-1
0"
547,109-msg_tv_interview_type18,Fairy,50,-1,42,756,0,"-1
0
0
-1
0"
548,110-msg_tv_00_01_01,"{pageend:Good morning! Is everyone raising Pokémon?}
It’s time for the Battling Trainers show!",0,-1,54,1080,0,"-1
0
0
-1
0"
73,108-msg_tv_01_09_02_11_female,"Oh! {tag:0}{pageend:, huh? Mind telling us why?}
... ... ...
... ... ...
I see, I see.
{pageend:Thank you very much.}
It seems this Trainer battled {tag:1}
{pageend:and was impressed by her Ball Capsule!}
<size=75%>I seem to have stumbled upon a rather impressive Trainer myself!</size>{pageend:}
Anyway, back to you folks in the studio!",0,-1,54,1080,0,"-1
0
0
-1
0",1,1,0,0,0,0,,0,1,1,0,0,0,0,,0
0,,,0,0,0,0,0,
0,,,0,0,0,0,0,
0,,,0,0,0,0,0,
0,,,0,0,0,0,0,
0,,,0,0,0,0,0,
0,,,0,0,0,0,0,
0,,,0,0,0,0,0,
0,,,0,0,0,0,0,
0,,,0,0,0,0,0,
0,,,0,0,0,0,0,
0,,,0,0,0,0,0,
0,,,0,0,0,0,0,
0,,,0,0,0,0,0,
0,,,0,0,0,0,0,
0,,,0,0,0,0,0,
0,,,0,0,0,0,0,
0,,,0,0,0,0,0,
0,,,0,0,0,0,0,
0,,,0,0,0,0,0,
0,,,0,0,0,0,0,
0,,,0,0,0,0,0,
0,,,0,0,0,0,0,
0,,,0,0,0,0,0,
0,,,0,0,0,0,0,
0,,,0,0,0,0,0,
0,,,0,0,0,0,0,
0,,,0,0,0,0,0,
0,,,0,0,0,0,0,
0,,,0,0,0,0,0,
0,,,0,0,0,0,0,
0,,,0,0,0,0,0,
0,,,0,0,0,0,0,
0,,,0,0,0,0,0,
0,,,0,0,0,0,0,
0,,,0,0,0,0,0,
0,,,0,0,0,0,0,
0,,,0,0,0,0,0,
0,,,0,0,0,0,0,
0,,,0,0,0,0,0,
0,,,0,0,0,0,0,
0,,,0,0,0,0,0,
0,,,0,0,0,0,0,
0,,,0,0,0,0,0,
0,,,0,0,0,0,0,
0,,,0,0,0,0,0,
0,,,0,0,0,0,0,
0,,,0,0,0,0,0,
0,,,0,0,0,0,0,
0,,,0,0,0,0,0,
0,,,0,0,0,0,0,
0,,,0,0,0,0,0,
0,,,0,0,0,0,0,
0,,,0,0,0,0,0,
0,,,0,0,0,0,0,
0,,,0,0,0,0,0,
0,,,0,0,0,0,0,
0,,,0,0,0,0,0,
0,,,0,0,0,0,0,
0,,,0,0,0,0,0,
0,,,0,0,0,0,0,
0,,,0,0,0,0,0,
0,,,0,0,0,0,0,
0,,,0,0,0,0,0,
0,,,0,0,0,0,0,
0,,,0,0,0,0,0,
0,,,0,0,0,0,0,
0,,,0,0,0,0,0,
0,,,0,0,0,0,0,
0,,,0,0,0,0,0,
0,,,0,0,0,0,0,
0,,,0,0,0,0,0,
0,,,0,0,0,0,0,
69,108-msg_tv_01_09_02_8,...,0,-1,54,1080,0,"-1
0
0
-1
0"
70,108-msg_tv_01_09_02_9,Whose Capsule Decoration do you like the best?,0,-1,54,1080,0,"-1
0
0
-1
0"
71,108-msg_tv_01_09_02_10,{tag:0}’s!,0,-1,54,1080,0,"-1
0
0
-1
0",1,1,0,0,0,0,,0
72,108-msg_tv_01_09_02_11,"Oh! {tag:0}{pageend:, huh? Mind telling us why?}
... ... ...
... ... ...
I see, I see.
{pageend:Thank you very much.}
It seems this Trainer battled {tag:1}
{pageend:and was impressed by his Ball Capsule!}
<size=75%>I seem to have stumbled upon a rather impressive Trainer myself!</size>{pageend:}
Anyway, back to you folks in the studio!",0,-1,54,1080,0,"-1
0
0
-1
0",1,1,0,0,0,0,,0,1,1,0,0,0,0,,0
74,108-msg_tv_01_09_02_12,"Thanks for the report! That was lucky, running
into such an exceptional Trainer right here!",0,-1,54,1080,0,"-1
0
0
-1
0"
75,108-msg_tv_01_09_02_13,Yeah!!!,0,-1,54,1080,0,"-1
0
0
-1
0"
76,108-msg_tv_01_09_02_14,"Our intrepid reporter probably should have
asked for an autograph, don’t you think?",0,-1,54,1080,0,"-1
0
0
-1
0"
77,108-msg_tv_01_09_02_15,Yeah!!!,0,-1,54,1080,0,"-1
0
0
-1
0"
78,108-msg_tv_01_09_02_16,I bet you’d all love to meet lots of other Trainers!,0,-1,54,1080,0,"-1
0
0
-1
0"
79,108-msg_tv_01_09_02_17,Yeah!!!,0,-1,54,1080,0,"-1
0
0
-1
0"
80,108-msg_tv_01_09_02_18,And who knows? Our next guest might just be...,0,-1,54,1080,0,"-1
0
0
-1
0"
81,108-msg_tv_01_09_02_19,Us!!!,0,-1,54,1080,0,"-1
0
0
-1
0"
161,106-msg_tv_02_24_01_1,"Hello, everyone, and welcome to Rare Item
{pageend:Expert Panel!}
Our special guest today is a Berry appraiser!",0,-1,54,1080,0,"-1
0
0
-1
0"
162,106-msg_tv_02_24_01_2,Ahem!,0,-1,54,1080,0,"-1
0
0
-1
0"
163,106-msg_tv_02_24_01_3,"So let’s get started! For this episode, we’ll be
examining a rare Berry that was found by
{tag:0}’s {tag:1}!",0,-1,54,1080,0,"-1
0
0
-1
0",0,1,0,0,0,0,,0,1,1,2,0,0,0,,0
164,106-msg_tv_02_24_01_4,"{pageend:Ahem! Let’s have a look then, shall we?}
...
...
...Ahem! This is definitely {tag:0}{tag:1}!",0,-1,54,1080,0,"-1
0
0
-1
0",-1,19,5,5,0,2,,0,2,1,9,0,0,0,,0
165,106-msg_tv_02_24_01_5,And what sort of Berry is that?,0,-1,54,1080,0,"-1
0
0
-1
0"
166,106-msg_tv_02_24_01_6a,"Let’s see now... It’s really an incredible Berry!
Take a look at these creases on it. See them?
Those are some incredibly creasy creases!",0,-1,54,1080,0,"-1
0
0
-1
0"
167,106-msg_tv_02_24_01_6b,"{pageend:Let’s see... You don’t see that every day, do you?}
I mean to say... Well, you don’t see that every
day, do you?",0,-1,54,1080,0,"-1
0
0
-1
0"
168,106-msg_tv_02_24_01_6c,"Let’s see now... Why, it reminds me of my youth.
Back when I was but a budding Berry appraiser,
digging in the ground with my mentor, all I ever
heard was “Water it more!” and “Check the soil!”
Yes, it was a tough time for a blossoming young
Berry appraiser. And then you’ll never guess what
my mentor said to me when I—",0,-1,54,1080,0,"-1
0
0
-1
0"
169,106-msg_tv_02_24_01_7,"Looks like that’s all the time we have for today.
{pageend:Let’s give a big thank-you to our Berry appraiser!}
Thanks for joining us today, {tag:0}.
{pageend:Be sure to take good care of that Berry!}
And to our audience, see you all next time!",0,-1,54,1080,0,"-1
0
0
-1
0",0,1,0,0,0,0,,0
170,106-msg_tv_02_25_01_1,"{pageend:It’s time for The Greater’s Digest!}
Once again, we’ve brought in the Great Maniac
as our guest for today!",0,-1,54,1080,0,"-1
0
0
-1
0"
171,106-msg_tv_02_25_01_2,Great!,0,-1,54,1080,0,"-1
0
0
-1
0"
172,106-msg_tv_02_25_01_3,"We’ve just received news that {tag:0}’s
Secret Base has been awarded {tag:1} Greats!",0,-1,54,1080,0,"-1
0
0
-1
0",0,1,0,0,0,0,,0,1,2,2,1,0,205,,0
173,106-msg_tv_02_25_01_4,Great!,0,-1,54,1080,0,"-1
0
0
-1
0"
174,106-msg_tv_02_25_01_5,"So, Great Maniac, can you share your thoughts
as an influential member of the Great fanbase?",0,-1,54,1080,0,"-1
0
0
-1
0"
175,106-msg_tv_02_25_01_6_1,"{tag:0}{pageend: Greats? That’s great!}
Using more hashtags would also be great.",0,-1,54,1080,0,"-1
0
0
-1
0",1,2,2,1,0,205,,0
176,106-msg_tv_02_25_01_6_2,"What a comment from our Great Maniac!
{pageend:Always greedy for more Greats!}
{tag:0}, why don’t you try using some
{pageend:more hashtags?}
But for now, we look forward to seeing you
next time!",0,-1,54,1080,0,"-1
0
0
-1
0",0,1,0,0,0,0,,0
177,106-msg_tv_02_25_01_7_1,"{tag:0}{pageend: Greats? That’s great!}
Getting more followers would also be great.",0,-1,54,1080,0,"-1
0
0
-1
0",1,2,2,1,0,205,,0
178,106-msg_tv_02_25_01_7_2,"What a comment from our Great Maniac!
{pageend:An insatiably inquisitive mind!}
{tag:0}, why don’t you try getting
{pageend:some more followers?}
But for now, we look forward to seeing you
next time!",0,-1,54,1080,0,"-1
0
0
-1
0",0,1,0,0,0,0,,0
179,106-msg_tv_02_25_01_8_1,"{tag:0}{pageend: Greats? That’s great!}
Getting more responses would also be great.",0,-1,54,1080,0,"-1
0
0
-1
0",1,2,2,1,0,205,,0
180,106-msg_tv_02_25_01_8_2,"What a comment from our Great Maniac!
Just overflowing with a powerful love of Greats!
{pageend:I clearly underestimated your greatness!}
I’m sure that stirred some emotions in you, too!
Right, {tag:0}{pageend:? Anyway...}
We look forward to seeing you next time!",0,-1,54,1080,0,"-1
0
0
-1
0",0,1,0,0,0,0,,0
181,106-msg_tv_02_25_02_1,"{pageend:It’s time for The Greater’s Digest!}
Once again, we’ve brought in the Great Maniac
as our guest for today!",0,-1,54,1080,0,"-1
0
0
-1
0"
182,106-msg_tv_02_25_02_2,Great!,0,-1,54,1080,0,"-1
0
0
-1
0"
183,106-msg_tv_02_25_02_3,"We’ve just received news that {tag:0}
has awarded a total of {tag:1} Greats to other
people’s Secret Bases!",0,-1,54,1080,1,"-1
0
0
-1
0",0,1,0,0,0,0,,0,1,2,2,1,0,205,,0
184,106-msg_tv_02_25_02_4,Great!,0,-1,54,1080,0,"-1
0
0
-1
0"
185,106-msg_tv_02_25_02_5,"So, Great Maniac, can you share your thoughts
as an influential member of the Great fanbase?",0,-1,54,1080,0,"-1
0
0
-1
0"
186,106-msg_tv_02_25_02_6_1,"{tag:0}{pageend: Greats? That’s great!}
Every Great given brings a little more joy into
the world. There’s nothing greater than that!",0,-1,54,1080,0,"-1
0
0
-1
0",1,2,2,1,0,205,,0
187,106-msg_tv_02_25_02_6_2,"What a comment from our Great Maniac!
{pageend:Bringing happiness to others through Greats!}
{tag:0}, try awarding more and more
Greats to other people. See you all next time!",0,-1,54,1080,0,"-1
0
0
-1
0",0,1,0,0,0,0,,0
188,106-msg_tv_02_25_02_7_1,"{tag:0}{pageend: Greats? That’s great!}
Every Great given brings a bit more peace into
the world. There’s nothing greater than that!",0,-1,54,1080,0,"-1
0
0
-1
0",1,2,2,1,0,205,,0
189,106-msg_tv_02_25_02_7_2,"What a comment from our Great Maniac!
{pageend:Promoting world peace through Great-giving!}
{tag:0}, try awarding more and more
Greats to other people. See you all next time!",0,-1,54,1080,0,"-1
0
0
-1
0",0,1,0,0,0,0,,0
190,106-msg_tv_02_25_02_8_1,"{tag:0} Greats? That’s gr— That’s utterly incredible!
I’m bowled over by such generosity!
*tap tap tap*
*tap tap tap*",0,-1,54,1080,0,"-1
0
0
-1
0",1,2,2,1,0,205,,0
191,106-msg_tv_02_25_02_8_2,"Hey! Great Maniac! Please stop spamming me
{pageend:with Greats—it’s really great-ing on my nerves!}
...To our audience, please Great responsibly!
See you again next time— C’mon, cut it out!",0,-1,54,1080,0,"-1
0
0
-1
0"
299,104-msg_tv_03_10_01_1,"{pageend:It’s time for Rack ’Em Up Records!}
Today, we’ll look at an amazing record set by a
Great Marsh catcher!",0,-1,54,1080,0,"-1
0
0
-1
0"
300,104-msg_tv_03_10_01_2,How do you catch a marsh?,0,-1,54,1080,0,"-1
0
0
-1
0"
301,104-msg_tv_03_10_01_3,"No, no, Tanya! That one was probably my fault...
I’m talking about a Trainer who catches Pokémon
IN the Great Marsh!",0,-1,54,1080,0,"-1
0
0
-1
0"
302,104-msg_tv_03_10_01_4,"In just one round of the Safari Game,
{tag:0} was able to catch {tag:1} Pokémon!",0,-1,54,1080,0,"-1
0
0
-1
0",0,1,0,0,0,0,,0,1,2,1,1,0,205,,0
303,104-msg_tv_03_10_01_5,By throwing mud and stuff...,0,-1,54,1080,0,"-1
0
0
-1
0"
304,104-msg_tv_03_10_01_6,"Oh! Tanya, you seem pretty knowledgeable
about this!",0,-1,54,1080,0,"-1
0
0
-1
0"
305,104-msg_tv_03_10_01_7,And throwing food...,0,-1,54,1080,0,"-1
0
0
-1
0"
306,104-msg_tv_03_10_01_8,"That’s right, Tanya! You’re on a roll!",0,-1,54,1080,0,"-1
0
0
-1
0"
307,104-msg_tv_03_10_01_9,And throwing some kind of Poké Ball...,0,-1,54,1080,0,"-1
0
0
-1
0"
308,104-msg_tv_03_10_01_10,"Well, yes, Tanya, but Balls are made for throwing!
That’s not the most impressive bit of knowledge!
But anyway, catching {tag:0} Pokémon in one go is an
amazing feat! See you again, folks!",0,-1,54,1080,0,"-1
0
0
-1
0",1,2,1,1,0,205,,0
309,104-msg_tv_03_11_01_1,"{pageend:It’s time for Rack ’Em Up Records!}
Today, we’ll look at an amazing record set by a
statue digger-upper!",0,-1,54,1080,0,"-1
0
0
-1
0"
310,104-msg_tv_03_11_01_2,A “digger-upper?”,0,-1,54,1080,0,"-1
0
0
-1
0"
311,104-msg_tv_03_11_01_3,"That’s right, Tanya! You heard it right.",0,-1,54,1080,0,"-1
0
0
-1
0"
312,104-msg_tv_03_11_01_4,Tell me about this digger-upper!,0,-1,54,1080,0,"-1
0
0
-1
0"
313,104-msg_tv_03_11_01_5,"You see, {tag:0} managed to collect
{tag:1} different kinds of statues!",0,-1,54,1080,0,"-1
0
0
-1
0",0,1,0,0,0,0,,0,1,2,2,1,0,205,,0
314,104-msg_tv_03_11_01_6,But what about the digger-upper?,0,-1,54,1080,0,"-1
0
0
-1
0"
315,104-msg_tv_03_11_01_7,"It’s gut-wrenching when you get a statue you
{pageend:already had after you worked SO hard!}
Finding statues takes blood, sweat, and tears.",0,-1,54,1080,0,"-1
0
0
-1
0"
316,104-msg_tv_03_11_01_8,Digger-upper...,0,-1,54,1080,0,"-1
0
0
-1
0"
317,104-msg_tv_03_11_01_9,"Tanya, this is amazing! It really is amazing!
See you again, folks!",0,-1,54,1080,0,"-1
0
0
-1
0"
318,104-msg_tv_03_12_01_1,"{pageend:It’s time for Rack ’Em Up Records!}
Today, we’ll look at a super record set by a
Glossy Stone collector!",0,-1,54,1080,0,"-1
0
0
-1
0"
319,104-msg_tv_03_12_01_2,"Glossy Stones, huh.",0,-1,54,1080,0,"-1
0
0
-1
0"
320,104-msg_tv_03_12_01_3,"You heard right, Tanya! This is a record set by a
collector who dug up Glossy Stones in Sinnoh’s
Grand Underground!",0,-1,54,1080,0,"-1
0
0
-1
0"
321,104-msg_tv_03_12_01_4,Sure.,0,-1,54,1080,0,"-1
0
0
-1
0"
322,104-msg_tv_03_12_01_5,"{tag:0} has successfully collected
Glossy Stones {tag:1} {tag:2}!",0,-1,54,1080,0,"-1
0
0
-1
0",0,1,0,0,0,0,,0,1,2,2,1,0,205,,0,-1,19,1,5,0,1,"time
times",0
323,104-msg_tv_03_12_01_6,That’s easy...,0,-1,54,1080,0,"-1
0
0
-1
0"
324,104-msg_tv_03_12_01_7,"What do you mean, Tanya?",0,-1,54,1080,0,"-1
0
0
-1
0"
325,104-msg_tv_03_12_01_8,Using a machine like that...,0,-1,54,1080,0,"-1
0
0
-1
0"
326,104-msg_tv_03_12_01_9,"No, no, Tanya! I said collector, not tractor!
It really is amazing! See you again, folks!",0,-1,54,1080,0,"-1
0
0
-1
0"
356,105-msg_tvcm_30,"{pageend:Do you know the true face of the Battle Tower?}
The Master Class is where all the strongest
{pageend:Trainers of Sinnoh go to test their strength.}
Just how far will your battling skills take you?",0,-1,54,1080,0,"-1
0
0
-1
0"
504,108-msg_tv_01_14_01_1,Welcome to Streetside Fashion Snap!,0,-1,54,1080,0,"-1
0
0
-1
0"
505,108-msg_tv_01_14_01_2,Today’s featured fashionista is {tag:0}!,0,-1,54,1080,0,"-1
0
0
-1
0",0,1,0,0,0,0,,0
506,108-msg_tv_01_14_01_3a,"{tag:0} was seen {tag:1},
looking stylish in
{tag:2} {tag:3}!",0,-1,54,1080,1,"-1
0
0
-1
0",-1,19,0,5,0,254,"He
She",0,2,1,71,0,0,0,,0,-1,19,0,5,0,254,"his
her",0,1,1,84,0,0,0,,0
507,108-msg_tv_01_14_01_3b,"As {tag:0} walked elegantly along, {tag:1} let us take a
photo so we could get a closer look at {tag:2} outfit!",0,-1,54,1080,0,"-1
0
0
-1
0",-1,19,0,5,0,254,"he
she",0,-1,19,0,5,0,254,"he
she",0,-1,19,0,5,0,254,"his
her",0
0,,,0,0,0,0,0,
508,108-msg_tv_01_14_01_4a_a,"Passersby merely continued on their merry way,
apparently unimpressed by our stylish subject!",0,-1,54,1080,0,"-1
0
0
-1
0"
509,108-msg_tv_01_14_01_4a_b,"Passersby couldn’t help but stop and watch,
seemingly entranced by our stylish subject!",0,-1,54,1080,0,"-1
0
0
-1
0"
510,108-msg_tv_01_14_01_4a_c,"Passersby were so drawn in by {tag:0}’s
overwhelming charisma that a crowd formed!",0,-1,54,1080,0,"-1
0
0
-1
0",0,1,0,0,0,0,,0
511,108-msg_tv_01_14_01_4b_a,"When we asked {tag:0} for a photo, {tag:1} looked a
little shy, but then struck a pose for the camera!",0,-1,54,1080,0,"-1
0
0
-1
0",-1,19,0,5,0,254,"him
her",0,-1,19,0,5,0,254,"he
she",0
512,108-msg_tv_01_14_01_4b_b,"Before we could even ask {tag:0} for a photo,
{tag:1} was already posing as if it were the most
natural thing in the world!",0,-1,54,1080,0,"-1
0
0
-1
0",-1,19,0,5,0,254,"him
her",0,-1,19,0,5,0,254,"he
she",0
513,108-msg_tv_01_14_01_4b_c,"When we asked {tag:0} for a photo, {tag:1} suddenly
shouted “Showtime!” and started showing off
as if the whole world was {tag:2} runway!",0,-1,54,1080,0,"-1
0
0
-1
0",-1,19,0,5,0,254,"him
her",0,-1,19,0,5,0,254,"he
she",0,-1,19,0,5,0,254,"his
her",0
0,,,0,0,0,0,0,
0,,,0,0,0,0,0,
0,,,0,0,0,0,0,
514,108-msg_tv_01_14_01_5,"We hope you enjoyed this feature! Maybe next
time we’ll be taking snapshots in your town!",0,-1,54,1080,0,"-1
0
0
-1
0"
526,109-msg_tv_interview_14_1,"{pageend:Hello! I’m with Jubilife TV!}
May I hit you up for a quick interview?",0,-1,54,1080,0,"-1
0
0
-1
0"
527,109-msg_tv_interview_14_2,"Oh, that’s too bad. I hope you can spare a few
moments some other time!",0,-1,54,1080,0,"-1
0
0
-1
0"
528,109-msg_tv_interview_14_3,"{pageend:Thank you very much! Let’s not waste any time...}
Whose Capsule Decoration do you like the best?",0,-1,54,1080,0,"-1
0
0
-1
0"
529,109-msg_tv_interview_14_4,"Oh. {tag:0}{pageend:, huh? Mind telling us why?}
... ... ...
... ... ...
I see, I see.
{pageend:Thank you very much.}
We’ll be featuring this interview at a later date.
Please do tune in and see how you look on TV!",0,-1,54,1080,0,"-1
0
0
-1
0",1,1,0,0,0,0,,0
552,109-msg_tv_interview_deco04,Wake,37,-1,42,294,0,"-1
0
0
-1
0"
553,109-msg_tv_interview_deco05,Fantina,37,-1,42,294,0,"-1
0
0
-1
0"
554,109-msg_tv_interview_deco06,Byron,37,-1,42,294,0,"-1
0
0
-1
0"
555,109-msg_tv_interview_deco07,Candice,37,-1,42,294,0,"-1
0
0
-1
0"
556,109-msg_tv_interview_deco08,Volkner,37,-1,42,294,0,"-1
0
0
-1
0"
557,109-msg_tv_interview_deco09,Aaron,37,-1,42,294,0,"-1
0
0
-1
0"
558,109-msg_tv_interview_deco10,Bertha,37,-1,42,294,0,"-1
0
0
-1
0"
559,109-msg_tv_interview_deco11,Flint,37,-1,42,294,0,"-1
0
0
-1
0"
560,109-msg_tv_interview_deco12,Lucian,37,-1,42,294,0,"-1
0
0
-1
0"
561,109-msg_tv_interview_deco13,Cynthia,37,-1,42,294,0,"-1
0
0
-1
0"
525,109-msg_tv_interview_13,"{pageend:Thank you very much! Let’s not waste any time...}
I’d like to hear about your stroll with
your {tag:0}{pageend:.}
{pageend:Can you tell me what you’re feeling now?}
... ... ...
... ... ...
I see, I see.
{pageend:Thank you very much.}
We’ll be featuring this interview at a later date.
Please do tune in and see how you look on TV!",0,-1,54,1080,0,"-1
0
0
-1
0",0,1,1,0,0,0,,0
