0,ITEMNAME_000,Niente,121,-1,42,420,0,"0
0
1
-1
0"
1,ITEMNAME_001,Master Ball,121,-1,42,420,0,"1
0
0
-1
0"
2,ITEMNAME_002,Ultra Ball,121,-1,42,420,0,"1
0
0
-1
0"
3,ITEMNAME_003,Mega Ball,121,-1,42,420,0,"1
0
0
-1
0"
4,ITEMNAME_004,Poké Ball,121,-1,42,420,0,"1
0
0
-1
0"
5,ITEMNAME_005,Safari Ball,121,-1,42,420,0,"1
0
0
-1
0"
6,ITEMNAME_006,Rete Ball,121,-1,42,420,0,"1
0
0
-1
0"
7,ITEMNAME_007,Sub Ball,121,-1,42,420,0,"1
0
0
-1
0"
8,ITEMNAME_008,Minor Ball,121,-1,42,420,0,"1
0
0
-1
0"
9,ITEMNAME_009,Bis Ball,121,-1,42,420,0,"1
0
0
-1
0"
10,ITEMNAME_010,Timer Ball,121,-1,42,420,0,"1
0
0
-1
0"
11,ITEMNAME_011,Chic Ball,121,-1,42,420,0,"1
0
0
-1
0"
12,ITEMNAME_012,Premier Ball,121,-1,42,420,0,"1
0
0
-1
0"
13,ITEMNAME_013,Scuro Ball,121,-1,42,420,0,"1
0
0
-1
0"
14,ITEMNAME_014,Cura Ball,121,-1,42,420,0,"1
0
0
-1
0"
15,ITEMNAME_015,Velox Ball,121,-1,42,420,0,"1
0
0
-1
0"
16,ITEMNAME_016,Pregio Ball,121,-1,42,420,0,"1
0
0
-1
0"
17,ITEMNAME_017,Pozione,121,-1,42,420,0,"1
0
0
-1
0"
18,ITEMNAME_018,Antidoto,121,-1,42,420,0,"0
0
0
-1
0"
19,ITEMNAME_019,Antiscottatura,121,-1,42,420,0,"0
0
0
-1
0"
20,ITEMNAME_020,Antigelo,121,-1,42,420,0,"0
0
0
-1
0"
21,ITEMNAME_021,Sveglia,121,-1,42,420,0,"1
0
0
-1
0"
22,ITEMNAME_022,Antiparalisi,121,-1,42,420,0,"0
0
0
-1
0"
23,ITEMNAME_023,Ricarica totale,121,-1,42,420,0,"1
0
0
-1
0"
24,ITEMNAME_024,Pozione Max,121,-1,42,420,0,"1
0
0
-1
0"
25,ITEMNAME_025,Iperpozione,121,-1,42,420,0,"1
0
0
-1
0"
26,ITEMNAME_026,Superpozione,121,-1,42,420,0,"1
0
0
-1
0"
27,ITEMNAME_027,Cura totale,121,-1,42,420,0,"1
0
0
-1
0"
28,ITEMNAME_028,Revitalizzante,121,-1,42,420,0,"0
0
0
-1
0"
29,ITEMNAME_029,Revitalizz. Max,121,-1,42,420,0,"0
0
0
-1
0"
30,ITEMNAME_030,Acqua fresca,121,-1,42,420,0,"1
0
1
-1
0"
31,ITEMNAME_031,Gassosa,121,-1,42,420,0,"1
0
0
-1
0"
32,ITEMNAME_032,Lemonsucco,121,-1,42,420,0,"0
0
0
-1
0"
33,ITEMNAME_033,Latte Mumu,121,-1,42,420,0,"0
0
1
-1
0"
34,ITEMNAME_034,Polvenergia,121,-1,42,420,0,"1
0
0
-1
0"
35,ITEMNAME_035,Radicenergia,121,-1,42,420,0,"1
0
0
-1
0"
36,ITEMNAME_036,Polvocura,121,-1,42,420,0,"1
0
0
-1
0"
37,ITEMNAME_037,Vitalerba,121,-1,42,420,0,"1
0
0
-1
0"
38,ITEMNAME_038,Etere,121,-1,42,420,0,"0
0
1
-1
0"
39,ITEMNAME_039,Etere Max,121,-1,42,420,0,"0
0
1
-1
0"
40,ITEMNAME_040,Elisir,121,-1,42,420,0,"0
0
0
-1
0"
41,ITEMNAME_041,Elisir Max,121,-1,42,420,0,"0
0
0
-1
0"
42,ITEMNAME_042,Lavottino,121,-1,42,420,0,"0
0
0
-1
0"
43,ITEMNAME_043,Succodibacca,121,-1,42,420,0,"0
0
1
-1
0"
44,ITEMNAME_044,Ceneremagica,121,-1,42,420,0,"1
0
1
-1
0"
45,ITEMNAME_045,PS-Su,121,-1,42,420,0,"0
1
0
-1
0"
46,ITEMNAME_046,Proteina,121,-1,42,420,0,"1
0
1
-1
0"
47,ITEMNAME_047,Ferro,121,-1,42,420,0,"0
0
1
-1
0"
48,ITEMNAME_048,Carburante,121,-1,42,420,0,"0
0
1
-1
0"
49,ITEMNAME_049,Calcio,121,-1,42,420,0,"0
0
1
-1
0"
50,ITEMNAME_050,Caramella rara,121,-1,42,420,0,"1
0
0
-1
0"
51,ITEMNAME_051,PP-Su,121,-1,42,420,0,"0
0
0
-1
0"
52,ITEMNAME_052,Zinco,121,-1,42,420,0,"0
0
1
-1
0"
53,ITEMNAME_053,PP-Max,121,-1,42,420,0,"0
0
0
-1
0"
54,ITEMNAME_054,Dolce Gateau,121,-1,42,420,0,"0
0
0
-1
0"
55,ITEMNAME_055,Superguardia,121,-1,42,420,0,"1
0
0
-1
0"
56,ITEMNAME_056,Supercolpo,121,-1,42,420,0,"0
0
0
-1
0"
57,ITEMNAME_057,Attacco X,121,-1,42,420,0,"0
0
0
-1
0"
58,ITEMNAME_058,Difesa X,121,-1,42,420,0,"1
0
0
-1
0"
59,ITEMNAME_059,Velocità X,121,-1,42,420,0,"1
0
0
-1
0"
60,ITEMNAME_060,Precisione X,121,-1,42,420,0,"1
0
0
-1
0"
61,ITEMNAME_061,Att. Speciale X,121,-1,42,420,0,"0
0
0
-1
0"
62,ITEMNAME_062,Dif. Speciale X,121,-1,42,420,0,"1
0
0
-1
0"
63,ITEMNAME_063,Poké Bambola,121,-1,42,420,0,"1
0
0
-1
0"
64,ITEMNAME_064,Coda Skitty,121,-1,42,420,0,"1
0
0
-1
0"
65,ITEMNAME_065,Flauto Blu,121,-1,42,420,0,"0
0
0
-1
0"
66,ITEMNAME_066,Flauto Giallo,121,-1,42,420,0,"0
0
0
-1
0"
67,ITEMNAME_067,Flauto Rosso,121,-1,42,420,0,"0
0
0
-1
0"
68,ITEMNAME_068,Flauto Nero,121,-1,42,420,0,"0
0
0
-1
0"
69,ITEMNAME_069,Flauto Bianco,121,-1,42,420,0,"0
0
0
-1
0"
70,ITEMNAME_070,Sale Ondoso,121,-1,42,420,0,"0
0
1
-1
0"
71,ITEMNAME_071,Gusciondoso,121,-1,42,420,0,"0
0
0
-1
0"
72,ITEMNAME_072,Coccio Rosso,121,-1,42,420,0,"0
0
0
-1
0"
73,ITEMNAME_073,Coccio Blu,121,-1,42,420,0,"0
0
0
-1
0"
74,ITEMNAME_074,Coccio Giallo,121,-1,42,420,0,"0
0
0
-1
0"
75,ITEMNAME_075,Coccio Verde,121,-1,42,420,0,"0
0
0
-1
0"
76,ITEMNAME_076,Superrepellente,121,-1,42,420,0,"0
0
0
-1
0"
77,ITEMNAME_077,Repellente Max,121,-1,42,420,0,"0
0
0
-1
0"
78,ITEMNAME_078,Fune di fuga,121,-1,42,420,0,"1
0
0
-1
0"
79,ITEMNAME_079,Repellente,121,-1,42,420,0,"0
0
0
-1
0"
80,ITEMNAME_080,Pietrasolare,121,-1,42,420,0,"1
0
0
-1
0"
81,ITEMNAME_081,Pietralunare,121,-1,42,420,0,"1
0
0
-1
0"
82,ITEMNAME_082,Pietrafocaia,121,-1,42,420,0,"1
0
0
-1
0"
83,ITEMNAME_083,Pietratuono,121,-1,42,420,0,"1
0
0
-1
0"
84,ITEMNAME_084,Pietraidrica,121,-1,42,420,0,"1
0
0
-1
0"
85,ITEMNAME_085,Pietrafoglia,121,-1,42,420,0,"1
0
0
-1
0"
86,ITEMNAME_086,Minifungo,121,-1,42,420,0,"0
0
0
-1
0"
87,ITEMNAME_087,Grande Fungo,121,-1,42,420,0,"0
0
0
-1
0"
88,ITEMNAME_088,Perla,121,-1,42,420,0,"1
0
0
-1
0"
89,ITEMNAME_089,Grande Perla,121,-1,42,420,0,"1
0
0
-1
0"
90,ITEMNAME_090,Polvostella,121,-1,42,420,0,"1
0
1
-1
0"
91,ITEMNAME_091,Pezzo Stella,121,-1,42,420,0,"0
0
0
-1
0"
92,ITEMNAME_092,Pepita,121,-1,42,420,0,"1
0
0
-1
0"
93,ITEMNAME_093,Squama Cuore,121,-1,42,420,0,"1
0
0
-1
0"
94,ITEMNAME_094,Miele,121,-1,42,420,0,"0
0
1
-1
0"
95,ITEMNAME_095,Fertilrapido,121,-1,42,420,0,"0
0
1
-1
0"
96,ITEMNAME_096,Fertilidro,121,-1,42,420,0,"0
0
1
-1
0"
97,ITEMNAME_097,Fertilsaldo,121,-1,42,420,0,"0
0
1
-1
0"
98,ITEMNAME_098,Fertilcolla,121,-1,42,420,0,"0
0
1
-1
0"
99,ITEMNAME_099,Radifossile,121,-1,42,420,0,"0
0
0
-1
0"
100,ITEMNAME_100,Fossilunghia,121,-1,42,420,0,"0
0
0
-1
0"
101,ITEMNAME_101,Helixfossile,121,-1,42,420,0,"0
3
0
-1
0"
102,ITEMNAME_102,Domofossile,121,-1,42,420,0,"0
0
0
-1
0"
103,ITEMNAME_103,Ambra antica,121,-1,42,420,0,"1
0
0
-1
0"
104,ITEMNAME_104,Fossilscudo,121,-1,42,420,0,"0
0
0
-1
0"
105,ITEMNAME_105,Fossilcranio,121,-1,42,420,0,"0
0
0
-1
0"
106,ITEMNAME_106,Osso Raro,121,-1,42,420,0,"0
0
0
-1
0"
107,ITEMNAME_107,Pietrabrillo,121,-1,42,420,0,"1
0
0
-1
0"
108,ITEMNAME_108,Neropietra,121,-1,42,420,0,"1
0
0
-1
0"
109,ITEMNAME_109,Pietralbore,121,-1,42,420,0,"1
0
0
-1
0"
110,ITEMNAME_110,Pietraovale,121,-1,42,420,0,"1
0
0
-1
0"
111,ITEMNAME_111,Roccianima,121,-1,42,420,0,"1
0
0
-1
0"
112,ITEMNAME_112,Grigiosfera,121,-1,42,420,0,"1
0
0
-1
0"
113,ITEMNAME_113,Tè,121,-1,42,420,0,"0
0
1
-1
0"
114,ITEMNAME_114,???,121,-1,42,420,0,"0
0
0
-1
0"
115,ITEMNAME_115,Autografo,121,-1,42,420,0,"0
0
0
-1
0"
116,ITEMNAME_116,Idromodulo,121,-1,42,420,0,"0
0
0
-1
0"
117,ITEMNAME_117,Voltmodulo,121,-1,42,420,0,"0
0
0
-1
0"
118,ITEMNAME_118,Piromodulo,121,-1,42,420,0,"0
0
0
-1
0"
119,ITEMNAME_119,Gelomodulo,121,-1,42,420,0,"0
0
0
-1
0"
120,ITEMNAME_120,???,121,-1,42,420,0,"0
0
0
-1
0"
121,ITEMNAME_121,Box Pokémon,121,-1,42,420,0,"0
0
0
-1
0"
122,ITEMNAME_122,Tasca rimedi,121,-1,42,420,0,"1
0
0
-1
0"
123,ITEMNAME_123,Porta MT,121,-1,42,420,0,"0
0
0
-1
0"
124,ITEMNAME_124,Portacaramelle,121,-1,42,420,0,"0
0
0
-1
0"
125,ITEMNAME_125,Tasca potenziam.,121,-1,42,420,0,"1
0
0
-1
0"
126,ITEMNAME_126,Valigia vestiti,121,-1,42,420,0,"1
0
0
-1
0"
127,ITEMNAME_127,Tasca cattura,121,-1,42,420,0,"1
0
0
-1
0"
128,ITEMNAME_128,Tasca lotta,121,-1,42,420,0,"1
0
0
-1
0"
129,ITEMNAME_129,???,121,-1,42,420,0,"0
0
0
-1
0"
130,ITEMNAME_130,???,121,-1,42,420,0,"0
0
0
-1
0"
131,ITEMNAME_131,???,121,-1,42,420,0,"0
0
0
-1
0"
132,ITEMNAME_132,???,121,-1,42,420,0,"0
0
0
-1
0"
133,ITEMNAME_133,???,121,-1,42,420,0,"0
0
0
-1
0"
134,ITEMNAME_134,Dolcecuore,121,-1,42,420,0,"0
0
0
-1
0"
135,ITEMNAME_135,Adamasfera,121,-1,42,420,0,"1
0
0
-1
0"
136,ITEMNAME_136,Splendisfera,121,-1,42,420,0,"1
0
0
-1
0"
137,ITEMNAME_137,Messaggio Inizio,121,-1,42,420,0,"0
0
0
-1
0"
138,ITEMNAME_138,Messaggio TVB,121,-1,42,420,0,"0
0
0
-1
0"
139,ITEMNAME_139,Messaggio Invito,121,-1,42,420,0,"0
0
0
-1
0"
140,ITEMNAME_140,Messaggio Grazie,121,-1,42,420,0,"0
0
0
-1
0"
141,ITEMNAME_141,Messaggio Chiedi,121,-1,42,420,0,"0
0
0
-1
0"
142,ITEMNAME_142,Mess. Sugg.,121,-1,42,420,0,"0
0
0
-1
0"
143,ITEMNAME_143,Mess. Risp.,121,-1,42,420,0,"0
0
0
-1
0"
144,ITEMNAME_144,Mess. Frec.,121,-1,42,420,0,"0
0
0
-1
0"
145,ITEMNAME_145,Mess. Libec.,121,-1,42,420,0,"0
0
0
-1
0"
146,ITEMNAME_146,Mess. Prop.,121,-1,42,420,0,"0
0
0
-1
0"
147,ITEMNAME_147,Mess. Vill.,121,-1,42,420,0,"0
0
0
-1
0"
148,ITEMNAME_148,Mess. Merav.,121,-1,42,420,0,"0
0
0
-1
0"
149,ITEMNAME_149,Baccaliegia,121,-1,42,420,0,"1
0
0
-1
0"
150,ITEMNAME_150,Baccastagna,121,-1,42,420,0,"1
0
0
-1
0"
151,ITEMNAME_151,Baccapesca,121,-1,42,420,0,"1
0
0
-1
0"
152,ITEMNAME_152,Baccafrago,121,-1,42,420,0,"1
0
0
-1
0"
153,ITEMNAME_153,Baccaperina,121,-1,42,420,0,"1
0
0
-1
0"
154,ITEMNAME_154,Baccamela,121,-1,42,420,0,"1
0
0
-1
0"
155,ITEMNAME_155,Baccarancia,121,-1,42,420,0,"1
0
0
-1
0"
156,ITEMNAME_156,Baccaki,121,-1,42,420,0,"1
0
0
-1
0"
157,ITEMNAME_157,Baccaprugna,121,-1,42,420,0,"1
0
0
-1
0"
158,ITEMNAME_158,Baccacedro,121,-1,42,420,0,"1
0
0
-1
0"
159,ITEMNAME_159,Baccafico,121,-1,42,420,0,"1
0
0
-1
0"
160,ITEMNAME_160,Baccakiwi,121,-1,42,420,0,"1
0
0
-1
0"
161,ITEMNAME_161,Baccamango,121,-1,42,420,0,"1
0
0
-1
0"
162,ITEMNAME_162,Baccaguava,121,-1,42,420,0,"1
0
0
-1
0"
163,ITEMNAME_163,Baccapaia,121,-1,42,420,0,"1
0
0
-1
0"
164,ITEMNAME_164,Baccalampon,121,-1,42,420,0,"1
0
0
-1
0"
165,ITEMNAME_165,Baccamora,121,-1,42,420,0,"1
0
0
-1
0"
166,ITEMNAME_166,Baccabana,121,-1,42,420,0,"1
0
0
-1
0"
167,ITEMNAME_167,Baccapera,121,-1,42,420,0,"1
0
0
-1
0"
168,ITEMNAME_168,Baccananas,121,-1,42,420,0,"1
0
0
-1
0"
169,ITEMNAME_169,Baccagrana,121,-1,42,420,0,"1
0
0
-1
0"
170,ITEMNAME_170,Baccalga,121,-1,42,420,0,"1
0
0
-1
0"
171,ITEMNAME_171,Baccaloquat,121,-1,42,420,0,"1
0
0
-1
0"
172,ITEMNAME_172,Baccamelon,121,-1,42,420,0,"1
0
0
-1
0"
173,ITEMNAME_173,Baccauva,121,-1,42,420,0,"1
0
0
-1
0"
174,ITEMNAME_174,Baccamodoro,121,-1,42,420,0,"1
0
0
-1
0"
175,ITEMNAME_175,Baccavena,121,-1,42,420,0,"1
0
0
-1
0"
176,ITEMNAME_176,Baccagostan,121,-1,42,420,0,"1
0
0
-1
0"
177,ITEMNAME_177,Baccambutan,121,-1,42,420,0,"1
0
0
-1
0"
178,ITEMNAME_178,Baccalemon,121,-1,42,420,0,"1
0
0
-1
0"
179,ITEMNAME_179,Baccamelos,121,-1,42,420,0,"1
0
0
-1
0"
180,ITEMNAME_180,Baccapalma,121,-1,42,420,0,"1
0
0
-1
0"
181,ITEMNAME_181,Baccacomero,121,-1,42,420,0,"1
0
0
-1
0"
182,ITEMNAME_182,Baccadurian,121,-1,42,420,0,"1
0
0
-1
0"
183,ITEMNAME_183,Baccartillo,121,-1,42,420,0,"1
0
0
-1
0"
184,ITEMNAME_184,Baccacao,121,-1,42,420,0,"1
0
0
-1
0"
185,ITEMNAME_185,Baccapasflo,121,-1,42,420,0,"1
0
0
-1
0"
186,ITEMNAME_186,Baccaparmen,121,-1,42,420,0,"1
0
0
-1
0"
187,ITEMNAME_187,Baccarindo,121,-1,42,420,0,"1
0
0
-1
0"
188,ITEMNAME_188,Baccamoya,121,-1,42,420,0,"1
0
0
-1
0"
189,ITEMNAME_189,Baccarosmel,121,-1,42,420,0,"1
0
0
-1
0"
190,ITEMNAME_190,Baccakebia,121,-1,42,420,0,"1
0
0
-1
0"
191,ITEMNAME_191,Baccanaca,121,-1,42,420,0,"1
0
0
-1
0"
192,ITEMNAME_192,Baccababa,121,-1,42,420,0,"1
0
0
-1
0"
193,ITEMNAME_193,Baccapayapa,121,-1,42,420,0,"1
0
0
-1
0"
194,ITEMNAME_194,Baccaitan,121,-1,42,420,0,"1
0
0
-1
0"
195,ITEMNAME_195,Baccaciofo,121,-1,42,420,0,"1
0
0
-1
0"
196,ITEMNAME_196,Baccacitrus,121,-1,42,420,0,"1
0
0
-1
0"
197,ITEMNAME_197,Baccahaban,121,-1,42,420,0,"1
0
0
-1
0"
198,ITEMNAME_198,Baccaxan,121,-1,42,420,0,"1
0
0
-1
0"
199,ITEMNAME_199,Baccababiri,121,-1,42,420,0,"1
0
0
-1
0"
200,ITEMNAME_200,Baccacinlan,121,-1,42,420,0,"1
0
0
-1
0"
201,ITEMNAME_201,Baccalici,121,-1,42,420,0,"1
0
0
-1
0"
202,ITEMNAME_202,Baccalongan,121,-1,42,420,0,"1
0
0
-1
0"
203,ITEMNAME_203,Baccasalak,121,-1,42,420,0,"1
0
0
-1
0"
204,ITEMNAME_204,Baccapitaya,121,-1,42,420,0,"1
0
0
-1
0"
205,ITEMNAME_205,Baccacocca,121,-1,42,420,0,"1
0
0
-1
0"
206,ITEMNAME_206,Baccalangsa,121,-1,42,420,0,"1
0
0
-1
0"
207,ITEMNAME_207,Baccambola,121,-1,42,420,0,"1
0
0
-1
0"
208,ITEMNAME_208,Baccaenigma,121,-1,42,420,0,"1
0
0
-1
0"
209,ITEMNAME_209,Baccaracolo,121,-1,42,420,0,"1
0
0
-1
0"
210,ITEMNAME_210,Baccacrela,121,-1,42,420,0,"1
0
0
-1
0"
211,ITEMNAME_211,Baccajaba,121,-1,42,420,0,"1
0
0
-1
0"
212,ITEMNAME_212,Baccaroam,121,-1,42,420,0,"1
0
0
-1
0"
213,ITEMNAME_213,Luminpolvere,121,-1,42,420,0,"1
0
1
-1
0"
214,ITEMNAME_214,Erbachiara,121,-1,42,420,0,"1
0
0
-1
0"
215,ITEMNAME_215,Crescicappa,121,-1,42,420,0,"1
0
0
-1
0"
216,ITEMNAME_216,Condividi esp.,121,-1,42,420,0,"0
0
0
-1
0"
217,ITEMNAME_217,Rapidartigli,121,-1,42,420,0,"0
0
0
-1
0"
218,ITEMNAME_218,Calmanella,121,-1,42,420,0,"1
0
0
-1
0"
219,ITEMNAME_219,Mentalerba,121,-1,42,420,0,"1
0
0
-1
0"
220,ITEMNAME_220,Bendascelta,121,-1,42,420,0,"1
0
0
-1
0"
221,ITEMNAME_221,Roccia di Re,121,-1,42,420,0,"1
0
0
-1
0"
222,ITEMNAME_222,Argenpolvere,121,-1,42,420,0,"1
0
1
-1
0"
223,ITEMNAME_223,Monetamuleto,121,-1,42,420,0,"0
0
0
-1
0"
224,ITEMNAME_224,Velopuro,121,-1,42,420,0,"0
0
0
-1
0"
225,ITEMNAME_225,Cuorugiada,121,-1,42,420,0,"1
0
0
-1
0"
226,ITEMNAME_226,Dente Abissi,121,-1,42,420,0,"0
0
0
-1
0"
227,ITEMNAME_227,Squamabissi,121,-1,42,420,0,"1
0
0
-1
0"
228,ITEMNAME_228,Palla Fumo,121,-1,42,420,0,"1
0
0
-1
0"
229,ITEMNAME_229,Pietrastante,121,-1,42,420,0,"1
0
0
-1
0"
230,ITEMNAME_230,Bandana,121,-1,42,420,0,"1
0
0
-1
0"
231,ITEMNAME_231,Fortunuovo,121,-1,42,420,0,"0
0
0
-1
0"
232,ITEMNAME_232,Mirino,121,-1,42,420,0,"0
0
0
-1
0"
233,ITEMNAME_233,Metalcoperta,121,-1,42,420,0,"1
0
0
-1
0"
234,ITEMNAME_234,Avanzi,121,-1,42,420,0,"0
0
2
-1
0"
235,ITEMNAME_235,Squama Drago,121,-1,42,420,0,"1
0
0
-1
0"
236,ITEMNAME_236,Elettropalla,121,-1,42,420,0,"1
0
0
-1
0"
237,ITEMNAME_237,Sabbia Soffice,121,-1,42,420,0,"1
0
1
-1
0"
238,ITEMNAME_238,Pietradura,121,-1,42,420,0,"1
0
0
-1
0"
239,ITEMNAME_239,Miracolseme,121,-1,42,420,0,"0
0
0
-1
0"
240,ITEMNAME_240,Occhialineri,121,-1,42,420,0,"0
0
2
-1
0"
241,ITEMNAME_241,Cinturanera,121,-1,42,420,0,"1
0
0
-1
0"
242,ITEMNAME_242,Calamita,121,-1,42,420,0,"1
0
0
-1
0"
243,ITEMNAME_243,Acqua Magica,121,-1,42,420,0,"1
0
1
-1
0"
244,ITEMNAME_244,Beccaffilato,121,-1,42,420,0,"0
0
0
-1
0"
245,ITEMNAME_245,Velenaculeo,121,-1,42,420,0,"0
0
0
-1
0"
246,ITEMNAME_246,Gelomai,121,-1,42,420,0,"0
0
0
-1
0"
247,ITEMNAME_247,Spettrotarga,121,-1,42,420,0,"1
0
0
-1
0"
248,ITEMNAME_248,Cucchiaio Torto,121,-1,42,420,0,"0
0
0
-1
0"
249,ITEMNAME_249,Carbonella,121,-1,42,420,0,"1
0
1
-1
0"
250,ITEMNAME_250,Dentedidrago,121,-1,42,420,0,"0
0
0
-1
0"
251,ITEMNAME_251,Sciarpa Seta,121,-1,42,420,0,"1
0
0
-1
0"
252,ITEMNAME_252,Upgrade,121,-1,42,420,0,"0
0
0
-1
0"
253,ITEMNAME_253,Conchinella,121,-1,42,420,0,"1
0
0
-1
0"
254,ITEMNAME_254,Marearoma,121,-1,42,420,0,"0
0
0
-1
0"
255,ITEMNAME_255,Distraroma,121,-1,42,420,0,"0
0
0
-1
0"
256,ITEMNAME_256,Fortunpugno,121,-1,42,420,0,"0
0
0
-1
0"
257,ITEMNAME_257,Metalpolvere,121,-1,42,420,0,"1
0
1
-1
0"
258,ITEMNAME_258,Ossospesso,121,-1,42,420,0,"0
0
0
-1
0"
259,ITEMNAME_259,Gambo,121,-1,42,420,0,"0
0
0
-1
0"
260,ITEMNAME_260,Fascia Rossa,121,-1,42,420,0,"1
0
0
-1
0"
261,ITEMNAME_261,Fascia Blu,121,-1,42,420,0,"1
0
0
-1
0"
262,ITEMNAME_262,Fascia Rosa,121,-1,42,420,0,"1
0
0
-1
0"
263,ITEMNAME_263,Fascia Verde,121,-1,42,420,0,"1
0
0
-1
0"
264,ITEMNAME_264,Fascia Gialla,121,-1,42,420,0,"1
0
0
-1
0"
265,ITEMNAME_265,Grandelente,121,-1,42,420,0,"1
0
0
-1
0"
266,ITEMNAME_266,Muscolbanda,121,-1,42,420,0,"1
0
0
-1
0"
267,ITEMNAME_267,Saviocchiali,121,-1,42,420,0,"0
0
2
-1
0"
268,ITEMNAME_268,Abilcintura,121,-1,42,420,0,"1
0
0
-1
0"
269,ITEMNAME_269,Creta Luce,121,-1,42,420,0,"1
0
1
-1
0"
270,ITEMNAME_270,Assorbisfera,121,-1,42,420,0,"1
0
0
-1
0"
271,ITEMNAME_271,Vigorerba,121,-1,42,420,0,"1
0
0
-1
0"
272,ITEMNAME_272,Tossicsfera,121,-1,42,420,0,"1
0
0
-1
0"
273,ITEMNAME_273,Fiammosfera,121,-1,42,420,0,"1
0
0
-1
0"
274,ITEMNAME_274,Velopolvere,121,-1,42,420,0,"1
0
1
-1
0"
275,ITEMNAME_275,Focalnastro,121,-1,42,420,0,"0
0
0
-1
0"
276,ITEMNAME_276,Zoomlente,121,-1,42,420,0,"1
0
0
-1
0"
277,ITEMNAME_277,Plessimetro,121,-1,42,420,0,"0
0
0
-1
0"
278,ITEMNAME_278,Ferropalla,121,-1,42,420,0,"1
0
0
-1
0"
279,ITEMNAME_279,Rallentocoda,121,-1,42,420,0,"1
0
0
-1
0"
280,ITEMNAME_280,Destincomune,121,-1,42,420,0,"0
0
0
-1
0"
281,ITEMNAME_281,Fangopece,121,-1,42,420,0,"0
0
1
-1
0"
282,ITEMNAME_282,Rocciafredda,121,-1,42,420,0,"1
0
0
-1
0"
283,ITEMNAME_283,Roccialiscia,121,-1,42,420,0,"1
0
0
-1
0"
284,ITEMNAME_284,Rocciacalda,121,-1,42,420,0,"1
0
0
-1
0"
285,ITEMNAME_285,Rocciaumida,121,-1,42,420,0,"1
0
0
-1
0"
286,ITEMNAME_286,Presartigli,121,-1,42,420,0,"0
0
0
-1
0"
287,ITEMNAME_287,Stolascelta,121,-1,42,420,0,"1
0
0
-1
0"
288,ITEMNAME_288,Vischiopunta,121,-1,42,420,0,"1
0
0
-1
0"
289,ITEMNAME_289,Vigorcerchio,121,-1,42,420,0,"0
0
0
-1
0"
290,ITEMNAME_290,Vigorfascia,121,-1,42,420,0,"1
0
0
-1
0"
291,ITEMNAME_291,Vigorlente,121,-1,42,420,0,"1
0
0
-1
0"
292,ITEMNAME_292,Vigorbanda,121,-1,42,420,0,"1
0
0
-1
0"
293,ITEMNAME_293,Vigorgliera,121,-1,42,420,0,"1
0
0
-1
0"
294,ITEMNAME_294,Vigorpeso,121,-1,42,420,0,"0
0
0
-1
0"
295,ITEMNAME_295,Disfoguscio,121,-1,42,420,0,"0
0
0
-1
0"
296,ITEMNAME_296,Granradice,121,-1,42,420,0,"1
0
0
-1
0"
297,ITEMNAME_297,Lentiscelta,121,-1,42,420,0,"1
0
2
-1
0"
298,ITEMNAME_298,Lastrarogo,121,-1,42,420,0,"1
0
0
-1
0"
299,ITEMNAME_299,Lastraidro,121,-1,42,420,0,"1
0
0
-1
0"
300,ITEMNAME_300,Lastrasaetta,121,-1,42,420,0,"1
0
0
-1
0"
301,ITEMNAME_301,Lastraprato,121,-1,42,420,0,"1
0
0
-1
0"
302,ITEMNAME_302,Lastragelo,121,-1,42,420,0,"1
0
0
-1
0"
303,ITEMNAME_303,Lastrapugno,121,-1,42,420,0,"1
0
0
-1
0"
304,ITEMNAME_304,Lastrafiele,121,-1,42,420,0,"1
0
0
-1
0"
305,ITEMNAME_305,Lastrageo,121,-1,42,420,0,"1
0
0
-1
0"
306,ITEMNAME_306,Lastracielo,121,-1,42,420,0,"1
0
0
-1
0"
307,ITEMNAME_307,Lastramente,121,-1,42,420,0,"1
0
0
-1
0"
308,ITEMNAME_308,Lastrabaco,121,-1,42,420,0,"1
0
0
-1
0"
309,ITEMNAME_309,Lastrapietra,121,-1,42,420,0,"1
0
0
-1
0"
310,ITEMNAME_310,Lastratetra,121,-1,42,420,0,"1
0
0
-1
0"
311,ITEMNAME_311,Lastradrakon,121,-1,42,420,0,"1
0
0
-1
0"
312,ITEMNAME_312,Lastratimore,121,-1,42,420,0,"1
0
0
-1
0"
313,ITEMNAME_313,Lastraferro,121,-1,42,420,0,"1
0
0
-1
0"
314,ITEMNAME_314,Bizzoaroma,121,-1,42,420,0,"0
0
0
-1
0"
315,ITEMNAME_315,Roccioaroma,121,-1,42,420,0,"0
0
0
-1
0"
316,ITEMNAME_316,Gonfioaroma,121,-1,42,420,0,"0
0
0
-1
0"
317,ITEMNAME_317,Ondaroma,121,-1,42,420,0,"0
0
0
-1
0"
318,ITEMNAME_318,Rosaroma,121,-1,42,420,0,"0
0
0
-1
0"
319,ITEMNAME_319,Fortunaroma,121,-1,42,420,0,"0
0
0
-1
0"
320,ITEMNAME_320,Puroaroma,121,-1,42,420,0,"0
0
0
-1
0"
321,ITEMNAME_321,Copertura,121,-1,42,420,0,"1
0
0
-1
0"
322,ITEMNAME_322,Elettritore,121,-1,42,420,0,"0
0
0
-1
0"
323,ITEMNAME_323,Magmatore,121,-1,42,420,0,"0
0
0
-1
0"
324,ITEMNAME_324,Dubbiodisco,121,-1,42,420,0,"0
0
0
-1
0"
325,ITEMNAME_325,Terrorpanno,121,-1,42,420,0,"0
0
0
-1
0"
326,ITEMNAME_326,Affilartigli,121,-1,42,420,0,"0
0
0
-1
0"
327,ITEMNAME_327,Affilodente,121,-1,42,420,0,"0
0
0
-1
0"
328,ITEMNAME_328,MT01,121,-1,42,420,0,"1
1
0
-1
0"
329,ITEMNAME_329,MT02,121,-1,42,420,0,"1
1
0
-1
0"
330,ITEMNAME_330,MT03,121,-1,42,420,0,"1
1
0
-1
0"
331,ITEMNAME_331,MT04,121,-1,42,420,0,"1
1
0
-1
0"
332,ITEMNAME_332,MT05,121,-1,42,420,0,"1
1
0
-1
0"
333,ITEMNAME_333,MT06,121,-1,42,420,0,"1
1
0
-1
0"
334,ITEMNAME_334,MT07,121,-1,42,420,0,"1
1
0
-1
0"
335,ITEMNAME_335,MT08,121,-1,42,420,0,"1
1
0
-1
0"
336,ITEMNAME_336,MT09,121,-1,42,420,0,"1
1
0
-1
0"
337,ITEMNAME_337,MT10,121,-1,42,420,0,"1
1
0
-1
0"
338,ITEMNAME_338,MT11,121,-1,42,420,0,"1
1
0
-1
0"
339,ITEMNAME_339,MT12,121,-1,42,420,0,"1
1
0
-1
0"
340,ITEMNAME_340,MT13,121,-1,42,420,0,"1
1
0
-1
0"
341,ITEMNAME_341,MT14,121,-1,42,420,0,"1
1
0
-1
0"
342,ITEMNAME_342,MT15,121,-1,42,420,0,"1
1
0
-1
0"
343,ITEMNAME_343,MT16,121,-1,42,420,0,"1
1
0
-1
0"
344,ITEMNAME_344,MT17,121,-1,42,420,0,"1
1
0
-1
0"
345,ITEMNAME_345,MT18,121,-1,42,420,0,"1
1
0
-1
0"
346,ITEMNAME_346,MT19,121,-1,42,420,0,"1
1
0
-1
0"
347,ITEMNAME_347,MT20,121,-1,42,420,0,"1
1
0
-1
0"
348,ITEMNAME_348,MT21,121,-1,42,420,0,"1
1
0
-1
0"
349,ITEMNAME_349,MT22,121,-1,42,420,0,"1
1
0
-1
0"
350,ITEMNAME_350,MT23,121,-1,42,420,0,"1
1
0
-1
0"
351,ITEMNAME_351,MT24,121,-1,42,420,0,"1
1
0
-1
0"
352,ITEMNAME_352,MT25,121,-1,42,420,0,"1
1
0
-1
0"
353,ITEMNAME_353,MT26,121,-1,42,420,0,"1
1
0
-1
0"
354,ITEMNAME_354,MT27,121,-1,42,420,0,"1
1
0
-1
0"
355,ITEMNAME_355,MT28,121,-1,42,420,0,"1
1
0
-1
0"
356,ITEMNAME_356,MT29,121,-1,42,420,0,"1
1
0
-1
0"
357,ITEMNAME_357,MT30,121,-1,42,420,0,"1
1
0
-1
0"
358,ITEMNAME_358,MT31,121,-1,42,420,0,"1
1
0
-1
0"
359,ITEMNAME_359,MT32,121,-1,42,420,0,"1
1
0
-1
0"
360,ITEMNAME_360,MT33,121,-1,42,420,0,"1
1
0
-1
0"
361,ITEMNAME_361,MT34,121,-1,42,420,0,"1
1
0
-1
0"
362,ITEMNAME_362,MT35,121,-1,42,420,0,"1
1
0
-1
0"
363,ITEMNAME_363,MT36,121,-1,42,420,0,"1
1
0
-1
0"
364,ITEMNAME_364,MT37,121,-1,42,420,0,"1
1
0
-1
0"
365,ITEMNAME_365,MT38,121,-1,42,420,0,"1
1
0
-1
0"
366,ITEMNAME_366,MT39,121,-1,42,420,0,"1
1
0
-1
0"
367,ITEMNAME_367,MT40,121,-1,42,420,0,"1
1
0
-1
0"
368,ITEMNAME_368,MT41,121,-1,42,420,0,"1
1
0
-1
0"
369,ITEMNAME_369,MT42,121,-1,42,420,0,"1
1
0
-1
0"
370,ITEMNAME_370,MT43,121,-1,42,420,0,"1
1
0
-1
0"
371,ITEMNAME_371,MT44,121,-1,42,420,0,"1
1
0
-1
0"
372,ITEMNAME_372,MT45,121,-1,42,420,0,"1
1
0
-1
0"
373,ITEMNAME_373,MT46,121,-1,42,420,0,"1
1
0
-1
0"
374,ITEMNAME_374,MT47,121,-1,42,420,0,"1
1
0
-1
0"
375,ITEMNAME_375,MT48,121,-1,42,420,0,"1
1
0
-1
0"
376,ITEMNAME_376,MT49,121,-1,42,420,0,"1
1
0
-1
0"
377,ITEMNAME_377,MT50,121,-1,42,420,0,"1
1
0
-1
0"
378,ITEMNAME_378,MT51,121,-1,42,420,0,"1
1
0
-1
0"
379,ITEMNAME_379,MT52,121,-1,42,420,0,"1
1
0
-1
0"
380,ITEMNAME_380,MT53,121,-1,42,420,0,"1
1
0
-1
0"
381,ITEMNAME_381,MT54,121,-1,42,420,0,"1
1
0
-1
0"
382,ITEMNAME_382,MT55,121,-1,42,420,0,"1
1
0
-1
0"
383,ITEMNAME_383,MT56,121,-1,42,420,0,"1
1
0
-1
0"
384,ITEMNAME_384,MT57,121,-1,42,420,0,"1
1
0
-1
0"
385,ITEMNAME_385,MT58,121,-1,42,420,0,"1
1
0
-1
0"
386,ITEMNAME_386,MT59,121,-1,42,420,0,"1
1
0
-1
0"
387,ITEMNAME_387,MT60,121,-1,42,420,0,"1
1
0
-1
0"
388,ITEMNAME_388,MT61,121,-1,42,420,0,"1
1
0
-1
0"
389,ITEMNAME_389,MT62,121,-1,42,420,0,"1
1
0
-1
0"
390,ITEMNAME_390,MT63,121,-1,42,420,0,"1
1
0
-1
0"
391,ITEMNAME_391,MT64,121,-1,42,420,0,"1
1
0
-1
0"
392,ITEMNAME_392,MT65,121,-1,42,420,0,"1
1
0
-1
0"
393,ITEMNAME_393,MT66,121,-1,42,420,0,"1
1
0
-1
0"
394,ITEMNAME_394,MT67,121,-1,42,420,0,"1
1
0
-1
0"
395,ITEMNAME_395,MT68,121,-1,42,420,0,"1
1
0
-1
0"
396,ITEMNAME_396,MT69,121,-1,42,420,0,"1
1
0
-1
0"
397,ITEMNAME_397,MT70,121,-1,42,420,0,"1
1
0
-1
0"
398,ITEMNAME_398,MT71,121,-1,42,420,0,"1
1
0
-1
0"
399,ITEMNAME_399,MT72,121,-1,42,420,0,"1
1
0
-1
0"
400,ITEMNAME_400,MT73,121,-1,42,420,0,"1
1
0
-1
0"
401,ITEMNAME_401,MT74,121,-1,42,420,0,"1
1
0
-1
0"
402,ITEMNAME_402,MT75,121,-1,42,420,0,"1
1
0
-1
0"
403,ITEMNAME_403,MT76,121,-1,42,420,0,"1
1
0
-1
0"
404,ITEMNAME_404,MT77,121,-1,42,420,0,"1
1
0
-1
0"
405,ITEMNAME_405,MT78,121,-1,42,420,0,"1
1
0
-1
0"
406,ITEMNAME_406,MT79,121,-1,42,420,0,"1
1
0
-1
0"
407,ITEMNAME_407,MT80,121,-1,42,420,0,"1
1
0
-1
0"
408,ITEMNAME_408,MT81,121,-1,42,420,0,"1
1
0
-1
0"
409,ITEMNAME_409,MT82,121,-1,42,420,0,"1
1
0
-1
0"
410,ITEMNAME_410,MT83,121,-1,42,420,0,"1
1
0
-1
0"
411,ITEMNAME_411,MT84,121,-1,42,420,0,"1
1
0
-1
0"
412,ITEMNAME_412,MT85,121,-1,42,420,0,"1
1
0
-1
0"
413,ITEMNAME_413,MT86,121,-1,42,420,0,"1
1
0
-1
0"
414,ITEMNAME_414,MT87,121,-1,42,420,0,"1
1
0
-1
0"
415,ITEMNAME_415,MT88,121,-1,42,420,0,"1
1
0
-1
0"
416,ITEMNAME_416,MT89,121,-1,42,420,0,"1
1
0
-1
0"
417,ITEMNAME_417,MT90,121,-1,42,420,0,"1
1
0
-1
0"
418,ITEMNAME_418,MT91,121,-1,42,420,0,"1
1
0
-1
0"
419,ITEMNAME_419,MT92,121,-1,42,420,0,"1
1
0
-1
0"
420,ITEMNAME_420,MT93,121,-1,42,420,0,"1
1
0
-1
0"
421,ITEMNAME_421,MT94,121,-1,42,420,0,"1
1
0
-1
0"
422,ITEMNAME_422,MT95,121,-1,42,420,0,"1
1
0
-1
0"
423,ITEMNAME_423,MT96,121,-1,42,420,0,"1
1
0
-1
0"
424,ITEMNAME_424,MT97,121,-1,42,420,0,"1
1
0
-1
0"
425,ITEMNAME_425,MT98,121,-1,42,420,0,"1
1
0
-1
0"
426,ITEMNAME_426,MT99,121,-1,42,420,0,"1
1
0
-1
0"
427,ITEMNAME_427,MT100,121,-1,42,420,0,"1
1
0
-1
0"
428,ITEMNAME_428,Esplorokit,121,-1,42,420,0,"0
0
0
-1
0"
429,ITEMNAME_429,Bottinosacca,121,-1,42,420,0,"1
0
0
-1
0"
430,ITEMNAME_430,Rainbow Wing,121,-1,42,420,0,"-1
0
0
-1
0"
431,ITEMNAME_431,Poké Radar,121,-1,42,420,0,"0
0
0
-1
0"
432,ITEMNAME_432,Scheda punti,121,-1,42,420,0,"1
0
0
-1
0"
433,ITEMNAME_433,Note di viaggio,121,-1,42,420,0,"1
0
2
-1
0"
434,ITEMNAME_434,Portabolli,121,-1,42,420,0,"0
0
0
-1
0"
435,ITEMNAME_435,Scatola Chic,121,-1,42,420,0,"1
0
0
-1
0"
436,ITEMNAME_436,Bollosacca,121,-1,42,420,0,"1
0
0
-1
0"
437,ITEMNAME_437,Blocco Amici,121,-1,42,420,0,"0
0
0
-1
0"
438,ITEMNAME_438,Chiave impianto,121,-1,42,420,0,"1
0
0
-1
0"
439,ITEMNAME_439,Amuleto antico,121,-1,42,420,0,"0
0
0
-1
0"
440,ITEMNAME_440,Chiave Galassia,121,-1,42,420,0,"1
0
0
-1
0"
441,ITEMNAME_441,Catena rossa,121,-1,42,420,0,"1
0
0
-1
0"
442,ITEMNAME_442,Mappa città,121,-1,42,420,0,"1
0
0
-1
0"
443,ITEMNAME_443,Cercasfide,121,-1,42,420,0,"0
0
0
-1
0"
444,ITEMNAME_444,Salvadanaio,121,-1,42,420,0,"0
0
0
-1
0"
445,ITEMNAME_445,Amo Vecchio,121,-1,42,420,0,"0
0
0
-1
0"
446,ITEMNAME_446,Amo Buono,121,-1,42,420,0,"0
0
0
-1
0"
447,ITEMNAME_447,Super Amo,121,-1,42,420,0,"0
0
0
-1
0"
448,ITEMNAME_448,Sprayduck,121,-1,42,420,0,"0
0
0
-1
0"
449,ITEMNAME_449,Portapoffin,121,-1,42,420,0,"0
0
0
-1
0"
450,ITEMNAME_450,Bicicletta,121,-1,42,420,0,"1
0
0
-1
0"
451,ITEMNAME_451,Chiave suite,121,-1,42,420,0,"1
0
0
-1
0"
452,ITEMNAME_452,Lettera Oak,121,-1,42,420,0,"1
0
0
-1
0"
453,ITEMNAME_453,Piumalunare,121,-1,42,420,0,"1
0
0
-1
0"
454,ITEMNAME_454,Scheda Soci,121,-1,42,420,0,"1
0
0
-1
0"
455,ITEMNAME_455,Flauto cielo,121,-1,42,420,0,"0
0
0
-1
0"
456,ITEMNAME_456,Tea,121,-1,42,420,0,"-1
2
0
-1
0"
457,ITEMNAME_457,Tessera Gare,121,-1,42,420,0,"1
0
0
-1
0"
458,ITEMNAME_458,Magmapietra,121,-1,42,420,0,"1
0
0
-1
0"
459,ITEMNAME_459,Pacco,121,-1,42,420,0,"0
0
0
-1
0"
460,ITEMNAME_460,Coupon 1,121,-1,42,420,0,"0
0
0
-1
0"
461,ITEMNAME_461,Coupon 2,121,-1,42,420,0,"0
0
0
-1
0"
462,ITEMNAME_462,Coupon 3,121,-1,42,420,0,"0
0
0
-1
0"
463,ITEMNAME_463,Chiave magazzino,121,-1,42,420,0,"1
0
0
-1
0"
464,ITEMNAME_464,Rimedio segreto,121,-1,42,420,0,"0
0
0
-1
0"
465,ITEMNAME_465,Registradati,121,-1,42,420,0,"0
0
0
-1
0"
466,ITEMNAME_466,Gracidea,121,-1,42,420,0,"1
0
0
-1
0"
467,ITEMNAME_467,Chiave segreta,121,-1,42,420,0,"1
0
0
-1
0"
468,ITEMNAME_468,Ghicobox,121,-1,42,420,0,"0
0
0
-1
0"
469,ITEMNAME_469,UnownBloc,121,-1,42,420,0,"0
0
0
-1
0"
470,ITEMNAME_470,Piantabacche,121,-1,42,420,0,"0
0
0
-1
0"
471,ITEMNAME_471,Ricerca strum.,121,-1,42,420,0,"0
0
0
-1
0"
472,ITEMNAME_472,Carta Blu,121,-1,42,420,0,"1
0
0
-1
0"
473,ITEMNAME_473,Coda Slowpoke,121,-1,42,420,0,"1
0
0
-1
0"
474,ITEMNAME_474,Campana Chiara,121,-1,42,420,0,"1
0
0
-1
0"
475,ITEMNAME_475,Apriporta,121,-1,42,420,0,"0
0
0
-1
0"
476,ITEMNAME_476,Chiave sotterr.,121,-1,42,420,0,"1
0
0
-1
0"
477,ITEMNAME_477,Annaffiatoio,121,-1,42,420,0,"0
0
0
-1
0"
478,ITEMNAME_478,Squama Rossa,121,-1,42,420,0,"1
0
0
-1
0"
479,ITEMNAME_479,Strumento perso,121,-1,42,420,0,"0
0
0
-1
0"
480,ITEMNAME_480,Superpass,121,-1,42,420,0,"0
0
0
-1
0"
481,ITEMNAME_481,Pezzo macch.,121,-1,42,420,0,"0
0
0
-1
0"
482,ITEMNAME_482,Aladargento,121,-1,42,420,0,"1
0
0
-1
0"
483,ITEMNAME_483,Ala d’Iride,121,-1,42,420,0,"1
0
0
-1
0"
484,ITEMNAME_484,Uovo Mistero,121,-1,42,420,0,"0
0
0
-1
0"
485,ITEMNAME_485,Ghicocca Rossa,121,-1,42,420,0,"1
0
0
-1
0"
486,ITEMNAME_486,Ghicocca Blu,121,-1,42,420,0,"1
0
0
-1
0"
487,ITEMNAME_487,Ghicocca Gialla,121,-1,42,420,0,"1
0
0
-1
0"
488,ITEMNAME_488,Ghicocca Verde,121,-1,42,420,0,"1
0
0
-1
0"
489,ITEMNAME_489,Ghicocca Rosa,121,-1,42,420,0,"1
0
0
-1
0"
490,ITEMNAME_490,Ghicocca Bianca,121,-1,42,420,0,"1
0
0
-1
0"
491,ITEMNAME_491,Ghicocca Nera,121,-1,42,420,0,"1
0
0
-1
0"
492,ITEMNAME_492,Rapid Ball,121,-1,42,420,0,"1
0
0
-1
0"
493,ITEMNAME_493,Level Ball,121,-1,42,420,0,"1
0
0
-1
0"
494,ITEMNAME_494,Esca Ball,121,-1,42,420,0,"1
0
0
-1
0"
495,ITEMNAME_495,Peso Ball,121,-1,42,420,0,"1
0
0
-1
0"
496,ITEMNAME_496,Love Ball,121,-1,42,420,0,"1
0
0
-1
0"
497,ITEMNAME_497,Friend Ball,121,-1,42,420,0,"1
0
0
-1
0"
498,ITEMNAME_498,Luna Ball,121,-1,42,420,0,"1
0
0
-1
0"
499,ITEMNAME_499,Gara Ball,121,-1,42,420,0,"1
0
0
-1
0"
500,ITEMNAME_500,Parco Ball,121,-1,42,420,0,"1
0
0
-1
0"
501,ITEMNAME_501,Album,121,-1,42,420,0,"0
0
0
-1
0"
502,ITEMNAME_502,Lettore GB,121,-1,42,420,0,"0
0
0
-1
0"
503,ITEMNAME_503,Campana Onda,121,-1,42,420,0,"1
0
0
-1
0"
504,ITEMNAME_504,Iramella,121,-1,42,420,0,"1
0
0
-1
0"
505,ITEMNAME_505,Scheda Dati 01,121,-1,42,420,0,"1
0
0
-1
0"
506,ITEMNAME_506,Scheda Dati 02,121,-1,42,420,0,"1
0
0
-1
0"
507,ITEMNAME_507,Scheda Dati 03,121,-1,42,420,0,"1
0
0
-1
0"
508,ITEMNAME_508,Scheda Dati 04,121,-1,42,420,0,"1
0
0
-1
0"
509,ITEMNAME_509,Scheda Dati 05,121,-1,42,420,0,"1
0
0
-1
0"
510,ITEMNAME_510,Scheda Dati 06,121,-1,42,420,0,"1
0
0
-1
0"
511,ITEMNAME_511,Scheda Dati 07,121,-1,42,420,0,"1
0
0
-1
0"
512,ITEMNAME_512,Scheda Dati 08,121,-1,42,420,0,"1
0
0
-1
0"
513,ITEMNAME_513,Scheda Dati 09,121,-1,42,420,0,"1
0
0
-1
0"
514,ITEMNAME_514,Scheda Dati 10,121,-1,42,420,0,"1
0
0
-1
0"
515,ITEMNAME_515,Scheda Dati 11,121,-1,42,420,0,"1
0
0
-1
0"
516,ITEMNAME_516,Scheda Dati 12,121,-1,42,420,0,"1
0
0
-1
0"
517,ITEMNAME_517,Scheda Dati 13,121,-1,42,420,0,"1
0
0
-1
0"
518,ITEMNAME_518,Scheda Dati 14,121,-1,42,420,0,"1
0
0
-1
0"
519,ITEMNAME_519,Scheda Dati 15,121,-1,42,420,0,"1
0
0
-1
0"
520,ITEMNAME_520,Scheda Dati 16,121,-1,42,420,0,"1
0
0
-1
0"
521,ITEMNAME_521,Scheda Dati 17,121,-1,42,420,0,"1
0
0
-1
0"
522,ITEMNAME_522,Scheda Dati 18,121,-1,42,420,0,"1
0
0
-1
0"
523,ITEMNAME_523,Scheda Dati 19,121,-1,42,420,0,"1
0
0
-1
0"
524,ITEMNAME_524,Scheda Dati 20,121,-1,42,420,0,"1
0
0
-1
0"
525,ITEMNAME_525,Scheda Dati 21,121,-1,42,420,0,"1
0
0
-1
0"
526,ITEMNAME_526,Scheda Dati 22,121,-1,42,420,0,"1
0
0
-1
0"
527,ITEMNAME_527,Scheda Dati 23,121,-1,42,420,0,"1
0
0
-1
0"
528,ITEMNAME_528,Scheda Dati 24,121,-1,42,420,0,"1
0
0
-1
0"
529,ITEMNAME_529,Scheda Dati 25,121,-1,42,420,0,"1
0
0
-1
0"
530,ITEMNAME_530,Scheda Dati 26,121,-1,42,420,0,"1
0
0
-1
0"
531,ITEMNAME_531,Scheda Dati 27,121,-1,42,420,0,"1
0
0
-1
0"
532,ITEMNAME_532,Sfera Verde,121,-1,42,420,0,"1
0
0
-1
0"
533,ITEMNAME_533,Capsula Scrigno,121,-1,42,420,0,"1
0
0
-1
0"
534,ITEMNAME_534,Gemma rossa,121,-1,42,420,0,"1
0
0
-1
0"
535,ITEMNAME_535,Gemma blu,121,-1,42,420,0,"1
0
0
-1
0"
536,ITEMNAME_536,Misticristal,121,-1,42,420,0,"0
0
0
-1
0"
537,ITEMNAME_537,Squama Bella,121,-1,42,420,0,"1
0
0
-1
0"
538,ITEMNAME_538,Evolcondensa,121,-1,42,420,0,"1
0
0
-1
0"
539,ITEMNAME_539,Pietralieve,121,-1,42,420,0,"1
0
0
-1
0"
540,ITEMNAME_540,Bitorzolelmo,121,-1,42,420,0,"0
0
0
-1
0"
541,ITEMNAME_541,Palloncino,121,-1,42,420,0,"0
0
0
-1
0"
542,ITEMNAME_542,Cartelrosso,121,-1,42,420,0,"0
0
0
-1
0"
543,ITEMNAME_543,Facilsaglio,121,-1,42,420,0,"0
0
0
-1
0"
544,ITEMNAME_544,Legafascia,121,-1,42,420,0,"1
0
0
-1
0"
545,ITEMNAME_545,Bulbo,121,-1,42,420,0,"0
0
0
-1
0"
546,ITEMNAME_546,Ricaripila,121,-1,42,420,0,"1
0
0
-1
0"
547,ITEMNAME_547,Pulsantefuga,121,-1,42,420,0,"0
0
0
-1
0"
548,ITEMNAME_548,Bijoufuoco,121,-1,42,420,0,"0
0
0
-1
0"
549,ITEMNAME_549,Bijouacqua,121,-1,42,420,0,"0
0
0
-1
0"
550,ITEMNAME_550,Bijouelettro,121,-1,42,420,0,"0
0
0
-1
0"
551,ITEMNAME_551,Bijouerba,121,-1,42,420,0,"0
0
0
-1
0"
552,ITEMNAME_552,Bijoughiaccio,121,-1,42,420,0,"0
0
0
-1
0"
553,ITEMNAME_553,Bijoulotta,121,-1,42,420,0,"0
0
0
-1
0"
554,ITEMNAME_554,Bijouveleno,121,-1,42,420,0,"0
0
0
-1
0"
555,ITEMNAME_555,Bijouterra,121,-1,42,420,0,"0
0
0
-1
0"
556,ITEMNAME_556,Bijouvolante,121,-1,42,420,0,"0
0
0
-1
0"
557,ITEMNAME_557,Bijoupsico,121,-1,42,420,0,"0
0
0
-1
0"
558,ITEMNAME_558,Bijoucoleottero,121,-1,42,420,0,"0
0
0
-1
0"
559,ITEMNAME_559,Bijouroccia,121,-1,42,420,0,"0
0
0
-1
0"
560,ITEMNAME_560,Bijouspettro,121,-1,42,420,0,"0
0
0
-1
0"
561,ITEMNAME_561,Bijoudrago,121,-1,42,420,0,"0
0
0
-1
0"
562,ITEMNAME_562,Bijoubuio,121,-1,42,420,0,"0
0
0
-1
0"
563,ITEMNAME_563,Bijouacciaio,121,-1,42,420,0,"0
0
0
-1
0"
564,ITEMNAME_564,Bijounormale,121,-1,42,420,0,"0
0
0
-1
0"
565,ITEMNAME_565,Piumsalute,121,-1,42,420,0,"1
0
0
-1
0"
566,ITEMNAME_566,Piumpotenza,121,-1,42,420,0,"1
0
0
-1
0"
567,ITEMNAME_567,Piumtutela,121,-1,42,420,0,"1
0
0
-1
0"
568,ITEMNAME_568,Piumingegno,121,-1,42,420,0,"1
0
0
-1
0"
569,ITEMNAME_569,Piumintuito,121,-1,42,420,0,"1
0
0
-1
0"
570,ITEMNAME_570,Piumreazione,121,-1,42,420,0,"1
0
0
-1
0"
571,ITEMNAME_571,Piumabella,121,-1,42,420,0,"1
0
0
-1
0"
572,ITEMNAME_572,Fossiltappo,121,-1,42,420,0,"0
0
0
-1
0"
573,ITEMNAME_573,Fossilpiuma,121,-1,42,420,0,"0
0
0
-1
0"
574,ITEMNAME_574,Liberticket,121,-1,42,420,0,"0
0
0
-1
0"
575,ITEMNAME_575,Passabilia,121,-1,42,420,0,"1
0
0
-1
0"
576,ITEMNAME_576,Dream Ball,121,-1,42,420,0,"1
0
0
-1
0"
577,ITEMNAME_577,Pokégingillo,121,-1,42,420,0,"0
0
0
-1
0"
578,ITEMNAME_578,Portagadget,121,-1,42,420,0,"0
0
0
-1
0"
579,ITEMNAME_579,Teschio,121,-1,42,420,0,"0
0
0
-1
0"
580,ITEMNAME_580,Profumfungo,121,-1,42,420,0,"0
0
0
-1
0"
581,ITEMNAME_581,Granpepita,121,-1,42,420,0,"1
0
0
-1
0"
582,ITEMNAME_582,Trittiperla,121,-1,42,420,0,"1
0
0
-1
0"
583,ITEMNAME_583,Pezzo Cometa,121,-1,42,420,0,"0
0
0
-1
0"
584,ITEMNAME_584,Soldantico,121,-1,42,420,0,"0
0
0
-1
0"
585,ITEMNAME_585,Ducatantico,121,-1,42,420,0,"0
0
0
-1
0"
586,ITEMNAME_586,Doblonantico,121,-1,42,420,0,"0
0
0
-1
0"
587,ITEMNAME_587,Vasantico,121,-1,42,420,0,"0
0
0
-1
0"
588,ITEMNAME_588,Bracciantico,121,-1,42,420,0,"0
0
0
-1
0"
589,ITEMNAME_589,Statuantica,121,-1,42,420,0,"1
0
0
-1
0"
590,ITEMNAME_590,Coronantica,121,-1,42,420,0,"1
0
0
-1
0"
591,ITEMNAME_591,Conostropoli,121,-1,42,420,0,"0
0
0
-1
0"
592,ITEMNAME_592,Supercolpo 2,121,-1,42,420,0,"0
0
0
-1
0"
593,ITEMNAME_593,Velocità X-2,121,-1,42,420,0,"1
0
0
-1
0"
594,ITEMNAME_594,Att. Sp. X-2,121,-1,42,420,0,"0
0
0
-1
0"
595,ITEMNAME_595,Dif. Spec. X-2,121,-1,42,420,0,"1
0
0
-1
0"
596,ITEMNAME_596,Difesa X-2,121,-1,42,420,0,"1
0
0
-1
0"
597,ITEMNAME_597,Attacco X-2,121,-1,42,420,0,"0
0
0
-1
0"
598,ITEMNAME_598,Precisione X-2,121,-1,42,420,0,"1
0
0
-1
0"
599,ITEMNAME_599,Velocità X-3,121,-1,42,420,0,"1
0
0
-1
0"
600,ITEMNAME_600,Att. Sp. X-3,121,-1,42,420,0,"0
0
0
-1
0"
601,ITEMNAME_601,Dif. Spec. X-3,121,-1,42,420,0,"1
0
0
-1
0"
602,ITEMNAME_602,Difesa X-3,121,-1,42,420,0,"1
0
0
-1
0"
603,ITEMNAME_603,Attacco X-3,121,-1,42,420,0,"0
0
0
-1
0"
604,ITEMNAME_604,Precisione X-3,121,-1,42,420,0,"1
0
0
-1
0"
605,ITEMNAME_605,Velocità X-6,121,-1,42,420,0,"1
0
0
-1
0"
606,ITEMNAME_606,Att. Sp. X-6,121,-1,42,420,0,"0
0
0
-1
0"
607,ITEMNAME_607,Dif. Spec. X-6,121,-1,42,420,0,"1
0
0
-1
0"
608,ITEMNAME_608,Difesa X-6,121,-1,42,420,0,"1
0
0
-1
0"
609,ITEMNAME_609,Attacco X-6,121,-1,42,420,0,"0
0
0
-1
0"
610,ITEMNAME_610,Precisione X-6,121,-1,42,420,0,"1
0
0
-1
0"
611,ITEMNAME_611,Chiamabilità,121,-1,42,420,0,"0
0
0
-1
0"
612,ITEMNAME_612,Lascioggetto,121,-1,42,420,0,"0
0
0
-1
0"
613,ITEMNAME_613,Chiamoggetto,121,-1,42,420,0,"0
0
0
-1
0"
614,ITEMNAME_614,Ripristino,121,-1,42,420,0,"0
0
0
-1
0"
615,ITEMNAME_615,Supercolpo 3,121,-1,42,420,0,"0
0
0
-1
0"
616,ITEMNAME_616,Chiarolite,121,-1,42,420,0,"0
0
0
-1
0"
617,ITEMNAME_617,Scurolite,121,-1,42,420,0,"0
0
0
-1
0"
618,ITEMNAME_618,MT93,121,-1,42,420,0,"1
1
0
-1
0"
619,ITEMNAME_619,MT94,121,-1,42,420,0,"1
1
0
-1
0"
620,ITEMNAME_620,MT95,121,-1,42,420,0,"1
1
0
-1
0"
621,ITEMNAME_621,Interpoké,121,-1,42,420,0,"0
0
0
-1
0"
622,ITEMNAME_622,???,121,-1,42,420,0,"0
0
0
-1
0"
623,ITEMNAME_623,Missiva 1,121,-1,42,420,0,"1
0
0
-1
0"
624,ITEMNAME_624,Missiva 2,121,-1,42,420,0,"1
0
0
-1
0"
625,ITEMNAME_625,Missiva 3,121,-1,42,420,0,"1
0
0
-1
0"
626,ITEMNAME_626,Interpoké,121,-1,42,420,0,"0
0
0
-1
0"
627,ITEMNAME_627,Box Premi,121,-1,42,420,0,"0
0
0
-1
0"
628,ITEMNAME_628,Cuneo DNA,121,-1,42,420,0,"0
0
0
-1
0"
629,ITEMNAME_629,Cuneo DNA,121,-1,42,420,0,"0
0
0
-1
0"
630,ITEMNAME_630,Permesso,121,-1,42,420,0,"0
0
0
-1
0"
631,ITEMNAME_631,Ovamuleto,121,-1,42,420,0,"0
0
0
-1
0"
632,ITEMNAME_632,Cromamuleto,121,-1,42,420,0,"0
0
0
-1
0"
633,ITEMNAME_633,Carta Plasma,121,-1,42,420,0,"1
0
0
-1
0"
634,ITEMNAME_634,Pezza Sporca,121,-1,42,420,0,"1
0
0
-1
0"
635,ITEMNAME_635,Acrocongegno,121,-1,42,420,0,"0
0
0
-1
0"
636,ITEMNAME_636,Oggetto perso,121,-1,42,420,0,"0
0
0
-1
0"
637,ITEMNAME_637,Oggetto perso,121,-1,42,420,0,"0
0
0
-1
0"
638,ITEMNAME_638,Verispecchio,121,-1,42,420,0,"0
0
0
-1
0"
639,ITEMNAME_639,Vulneropolizza,121,-1,42,420,0,"1
0
0
-1
0"
640,ITEMNAME_640,Corpetto assalto,121,-1,42,420,0,"0
0
0
-1
0"
641,ITEMNAME_641,Holovox,121,-1,42,420,0,"0
3
0
-1
0"
642,ITEMNAME_642,Lettera del Prof,121,-1,42,420,0,"1
0
0
-1
0"
643,ITEMNAME_643,Pattini,121,-1,42,420,0,"0
0
2
-1
0"
644,ITEMNAME_644,Lastraspiritello,121,-1,42,420,0,"1
0
0
-1
0"
645,ITEMNAME_645,Capsula abilità,121,-1,42,420,0,"1
0
0
-1
0"
646,ITEMNAME_646,Dolcespuma,121,-1,42,420,0,"1
0
0
-1
0"
647,ITEMNAME_647,Bustina aromi,121,-1,42,420,0,"1
0
0
-1
0"
648,ITEMNAME_648,Muschioluce,121,-1,42,420,0,"0
0
0
-1
0"
649,ITEMNAME_649,Palla di neve,121,-1,42,420,0,"1
0
0
-1
0"
650,ITEMNAME_650,Visierantisabbia,121,-1,42,420,0,"1
0
0
-1
0"
651,ITEMNAME_651,Poké Flauto,121,-1,42,420,0,"0
0
0
-1
0"
652,ITEMNAME_652,Fertilflorido,121,-1,42,420,0,"0
0
1
-1
0"
653,ITEMNAME_653,Fertilsorpresa,121,-1,42,420,0,"0
0
1
-1
0"
654,ITEMNAME_654,Fertilcopioso,121,-1,42,420,0,"0
0
1
-1
0"
655,ITEMNAME_655,Fertilprodigio,121,-1,42,420,0,"0
0
1
-1
0"
656,ITEMNAME_656,Gengarite,121,-1,42,420,0,"1
0
0
-1
0"
657,ITEMNAME_657,Gardevoirite,121,-1,42,420,0,"1
0
0
-1
0"
658,ITEMNAME_658,Ampharosite,121,-1,42,420,0,"1
0
0
-1
0"
659,ITEMNAME_659,Venusaurite,121,-1,42,420,0,"1
0
0
-1
0"
660,ITEMNAME_660,Charizardite X,121,-1,42,420,0,"1
0
0
-1
0"
661,ITEMNAME_661,Blastoisite,121,-1,42,420,0,"1
0
0
-1
0"
662,ITEMNAME_662,Mewtwoite X,121,-1,42,420,0,"1
0
0
-1
0"
663,ITEMNAME_663,Mewtwoite Y,121,-1,42,420,0,"1
0
0
-1
0"
664,ITEMNAME_664,Blazikenite,121,-1,42,420,0,"1
0
0
-1
0"
665,ITEMNAME_665,Medichamite,121,-1,42,420,0,"1
0
0
-1
0"
666,ITEMNAME_666,Houndoomite,121,-1,42,420,0,"1
1
0
-1
0"
667,ITEMNAME_667,Aggronite,121,-1,42,420,0,"1
0
0
-1
0"
668,ITEMNAME_668,Banettite,121,-1,42,420,0,"1
0
0
-1
0"
669,ITEMNAME_669,Tyranitarite,121,-1,42,420,0,"1
0
0
-1
0"
670,ITEMNAME_670,Scizorite,121,-1,42,420,0,"1
0
0
-1
0"
671,ITEMNAME_671,Pinsirite,121,-1,42,420,0,"1
0
0
-1
0"
672,ITEMNAME_672,Aerodactylite,121,-1,42,420,0,"1
0
0
-1
0"
673,ITEMNAME_673,Lucarite,121,-1,42,420,0,"1
0
0
-1
0"
674,ITEMNAME_674,Abomasnowite,121,-1,42,420,0,"1
0
0
-1
0"
675,ITEMNAME_675,Kangaskhanite,121,-1,42,420,0,"1
0
0
-1
0"
676,ITEMNAME_676,Gyaradosite,121,-1,42,420,0,"1
0
0
-1
0"
677,ITEMNAME_677,Absolite,121,-1,42,420,0,"1
0
0
-1
0"
678,ITEMNAME_678,Charizardite Y,121,-1,42,420,0,"1
0
0
-1
0"
679,ITEMNAME_679,Alakazamite,121,-1,42,420,0,"1
0
0
-1
0"
680,ITEMNAME_680,Heracrossite,121,-1,42,420,0,"1
1
0
-1
0"
681,ITEMNAME_681,Mawilite,121,-1,42,420,0,"1
0
0
-1
0"
682,ITEMNAME_682,Manectricite,121,-1,42,420,0,"1
0
0
-1
0"
683,ITEMNAME_683,Garchompite,121,-1,42,420,0,"1
0
0
-1
0"
684,ITEMNAME_684,Latiasite,121,-1,42,420,0,"1
0
0
-1
0"
685,ITEMNAME_685,Latiosite,121,-1,42,420,0,"1
0
0
-1
0"
686,ITEMNAME_686,Baccarcadè,121,-1,42,420,0,"1
0
0
-1
0"
687,ITEMNAME_687,Baccalighia,121,-1,42,420,0,"1
0
0
-1
0"
688,ITEMNAME_688,Baccapane,121,-1,42,420,0,"1
0
0
-1
0"
689,ITEMNAME_689,Irrigalotad,121,-1,42,420,0,"0
0
0
-1
0"
690,ITEMNAME_690,MT96,121,-1,42,420,0,"1
1
0
-1
0"
691,ITEMNAME_691,MT97,121,-1,42,420,0,"1
1
0
-1
0"
692,ITEMNAME_692,MT98,121,-1,42,420,0,"1
1
0
-1
0"
693,ITEMNAME_693,MT99,121,-1,42,420,0,"1
1
0
-1
0"
694,ITEMNAME_694,MT100,121,-1,42,420,0,"1
1
0
-1
0"
695,ITEMNAME_695,Pass Centrale,121,-1,42,420,0,"0
0
0
-1
0"
696,ITEMNAME_696,Megacerchio,121,-1,42,420,0,"0
0
0
-1
0"
697,ITEMNAME_697,Sasso suggestivo,121,-1,42,420,0,"0
0
0
-1
0"
698,ITEMNAME_698,Sasso qualsiasi,121,-1,42,420,0,"0
0
0
-1
0"
699,ITEMNAME_699,Buono sconto,121,-1,42,420,0,"0
0
0
-1
0"
700,ITEMNAME_700,Chiave ascensore,121,-1,42,420,0,"1
0
0
-1
0"
701,ITEMNAME_701,Pass TMV,121,-1,42,420,0,"0
0
0
-1
0"
702,ITEMNAME_702,Emblema di Kalos,121,-1,42,420,0,"0
0
0
-1
0"
703,ITEMNAME_703,Guida Avventura,121,-1,42,420,0,"1
0
0
-1
0"
704,ITEMNAME_704,Strano ninnolo,121,-1,42,420,0,"0
0
0
-1
0"
705,ITEMNAME_705,Portalenti,121,-1,42,420,0,"0
0
0
-1
0"
706,ITEMNAME_706,Trousse,121,-1,42,420,0,"1
0
0
-1
0"
707,ITEMNAME_707,Baule per abiti,121,-1,42,420,0,"0
0
0
-1
0"
708,ITEMNAME_708,Pan di Lumi,121,-1,42,420,0,"0
0
0
-1
0"
709,ITEMNAME_709,Yantafrollino,121,-1,42,420,0,"0
0
0
-1
0"
710,ITEMNAME_710,Fossilmascella,121,-1,42,420,0,"0
0
0
-1
0"
711,ITEMNAME_711,Fossilpinna,121,-1,42,420,0,"0
0
0
-1
0"
712,ITEMNAME_712,Carta Bellocchio,121,-1,42,420,0,"1
0
0
-1
0"
713,ITEMNAME_713,Bicicletta,121,-1,42,420,0,"1
0
0
-1
0"
714,ITEMNAME_714,Holovox,121,-1,42,420,0,"0
3
0
-1
0"
715,ITEMNAME_715,Bijoufolletto,121,-1,42,420,0,"0
0
0
-1
0"
716,ITEMNAME_716,Megaciondolo,121,-1,42,420,0,"0
0
0
-1
0"
717,ITEMNAME_717,Megaguanto,121,-1,42,420,0,"0
0
0
-1
0"
718,ITEMNAME_718,Bici da corsa,121,-1,42,420,0,"1
0
0
-1
0"
719,ITEMNAME_719,Bici da cross,121,-1,42,420,0,"1
0
0
-1
0"
720,ITEMNAME_720,Vaso Wailmer,121,-1,42,420,0,"0
0
0
-1
0"
721,ITEMNAME_721,Merce Devon,121,-1,42,420,0,"1
0
1
-1
0"
722,ITEMNAME_722,Sacco cenere,121,-1,42,420,0,"0
0
0
-1
0"
723,ITEMNAME_723,Chiave sotterr.,121,-1,42,420,0,"1
0
0
-1
0"
724,ITEMNAME_724,Kit Pokémelle,121,-1,42,420,0,"0
0
0
-1
0"
725,ITEMNAME_725,Lettera,121,-1,42,420,0,"1
0
0
-1
0"
726,ITEMNAME_726,Biglietto Eone,121,-1,42,420,0,"0
0
0
-1
0"
727,ITEMNAME_727,Scanner,121,-1,42,420,0,"0
2
0
-1
0"
728,ITEMNAME_728,Occhialoni,121,-1,42,420,0,"0
0
2
-1
0"
729,ITEMNAME_729,Meteorite,121,-1,42,420,0,"0
0
0
-1
0"
730,ITEMNAME_730,Chiave stanza 1,121,-1,42,420,0,"1
0
0
-1
0"
731,ITEMNAME_731,Chiave stanza 2,121,-1,42,420,0,"1
0
0
-1
0"
732,ITEMNAME_732,Chiave stanza 4,121,-1,42,420,0,"1
0
0
-1
0"
733,ITEMNAME_733,Chiave stanza 6,121,-1,42,420,0,"1
0
0
-1
0"
734,ITEMNAME_734,Chiave magazzino,121,-1,42,420,0,"1
0
0
-1
0"
735,ITEMNAME_735,Devonscopio,121,-1,42,420,0,"0
0
0
-1
0"
736,ITEMNAME_736,Biglietto nave,121,-1,42,420,0,"0
0
0
-1
0"
737,ITEMNAME_737,MN07,121,-1,42,420,0,"1
1
0
-1
0"
738,ITEMNAME_738,Maschera Devon,121,-1,42,420,0,"1
0
0
-1
0"
739,ITEMNAME_739,Costume Live,121,-1,42,420,0,"0
0
0
-1
0"
740,ITEMNAME_740,Vestito Live,121,-1,42,420,0,"0
0
0
-1
0"
741,ITEMNAME_741,Tuta Magma,121,-1,42,420,0,"1
0
0
-1
0"
742,ITEMNAME_742,Tuta Idro,121,-1,42,420,0,"1
0
0
-1
0"
743,ITEMNAME_743,Biglietto doppio,121,-1,42,420,0,"0
0
0
-1
0"
744,ITEMNAME_744,Megabracciale,121,-1,42,420,0,"0
0
0
-1
0"
745,ITEMNAME_745,Megapendente,121,-1,42,420,0,"0
0
0
-1
0"
746,ITEMNAME_746,Megaocchiali,121,-1,42,420,0,"0
0
2
-1
0"
747,ITEMNAME_747,Megaancora,121,-1,42,420,0,"1
0
0
-1
0"
748,ITEMNAME_748,Megaspilla,121,-1,42,420,0,"1
0
0
-1
0"
749,ITEMNAME_749,Megadiadema,121,-1,42,420,0,"0
0
0
-1
0"
750,ITEMNAME_750,Megagambale,121,-1,42,420,0,"0
0
0
-1
0"
751,ITEMNAME_751,Meteorite,121,-1,42,420,0,"0
0
0
-1
0"
752,ITEMNAME_752,Swampertite,121,-1,42,420,0,"1
2
0
-1
0"
753,ITEMNAME_753,Sceptilite,121,-1,42,420,0,"1
2
0
-1
0"
754,ITEMNAME_754,Sableyite,121,-1,42,420,0,"1
0
0
-1
0"
755,ITEMNAME_755,Altarite,121,-1,42,420,0,"1
0
0
-1
0"
756,ITEMNAME_756,Galladite,121,-1,42,420,0,"1
0
0
-1
0"
757,ITEMNAME_757,Audinite,121,-1,42,420,0,"1
0
0
-1
0"
758,ITEMNAME_758,Metagrossite,121,-1,42,420,0,"1
0
0
-1
0"
759,ITEMNAME_759,Sharpedite,121,-1,42,420,0,"1
2
0
-1
0"
760,ITEMNAME_760,Slowbroite,121,-1,42,420,0,"1
2
0
-1
0"
761,ITEMNAME_761,Steelixite,121,-1,42,420,0,"1
2
0
-1
0"
762,ITEMNAME_762,Pidgeotite,121,-1,42,420,0,"1
0
0
-1
0"
763,ITEMNAME_763,Glalite,121,-1,42,420,0,"1
0
0
-1
0"
764,ITEMNAME_764,Diancite,121,-1,42,420,0,"1
0
0
-1
0"
765,ITEMNAME_765,Vaso del vincolo,121,-1,42,420,0,"0
0
0
-1
0"
766,ITEMNAME_766,Megapolsiera,121,-1,42,420,0,"1
0
0
-1
0"
767,ITEMNAME_767,Cameruptite,121,-1,42,420,0,"1
0
0
-1
0"
768,ITEMNAME_768,Lopunnite,121,-1,42,420,0,"1
0
0
-1
0"
769,ITEMNAME_769,Salamencite,121,-1,42,420,0,"1
0
0
-1
0"
770,ITEMNAME_770,Beedrillite,121,-1,42,420,0,"1
0
0
-1
0"
771,ITEMNAME_771,Meteorite,121,-1,42,420,0,"0
0
0
-1
0"
772,ITEMNAME_772,Meteorite,121,-1,42,420,0,"0
0
0
-1
0"
773,ITEMNAME_773,Pietrachiave,121,-1,42,420,0,"1
0
0
-1
0"
774,ITEMNAME_774,Framm. meteorite,121,-1,42,420,0,"0
0
0
-1
0"
775,ITEMNAME_775,Flauto Eone,121,-1,42,420,0,"0
0
0
-1
0"
776,ITEMNAME_776,Normium Z,121,-1,42,420,0,"0
0
0
-1
0"
777,ITEMNAME_777,Pirium Z,121,-1,42,420,0,"0
0
0
-1
0"
778,ITEMNAME_778,Idrium Z,121,-1,42,420,0,"0
0
0
-1
0"
779,ITEMNAME_779,Electrium Z,121,-1,42,420,0,"0
0
0
-1
0"
780,ITEMNAME_780,Herbium Z,121,-1,42,420,0,"0
0
0
-1
0"
781,ITEMNAME_781,Glacium Z,121,-1,42,420,0,"0
0
0
-1
0"
782,ITEMNAME_782,Luctium Z,121,-1,42,420,0,"0
0
0
-1
0"
783,ITEMNAME_783,Venenium Z,121,-1,42,420,0,"0
0
0
-1
0"
784,ITEMNAME_784,Terrium Z,121,-1,42,420,0,"0
0
0
-1
0"
785,ITEMNAME_785,Volantium Z,121,-1,42,420,0,"0
0
0
-1
0"
786,ITEMNAME_786,Psichium Z,121,-1,42,420,0,"0
0
0
-1
0"
787,ITEMNAME_787,Insectium Z,121,-1,42,420,0,"0
0
0
-1
0"
788,ITEMNAME_788,Petrium Z,121,-1,42,420,0,"0
0
0
-1
0"
789,ITEMNAME_789,Spectrium Z,121,-1,42,420,0,"0
2
0
-1
0"
790,ITEMNAME_790,Draconium Z,121,-1,42,420,0,"0
0
0
-1
0"
791,ITEMNAME_791,Obscurium Z,121,-1,42,420,0,"0
0
0
-1
0"
792,ITEMNAME_792,Metallium Z,121,-1,42,420,0,"0
0
0
-1
0"
793,ITEMNAME_793,Follectium Z,121,-1,42,420,0,"0
0
0
-1
0"
794,ITEMNAME_794,Pikacium Z,121,-1,42,420,0,"0
0
0
-1
0"
795,ITEMNAME_795,Tappo d’argento,121,-1,42,420,0,"0
0
0
-1
0"
796,ITEMNAME_796,Tappo d’oro,121,-1,42,420,0,"0
0
0
-1
0"
797,ITEMNAME_797,Cerchio Z,121,-1,42,420,0,"0
0
0
-1
0"
798,ITEMNAME_798,Deciduenium Z,121,-1,42,420,0,"0
0
0
-1
0"
799,ITEMNAME_799,Incineronium Z,121,-1,42,420,0,"0
3
0
-1
0"
800,ITEMNAME_800,Primarinium Z,121,-1,42,420,0,"0
0
0
-1
0"
801,ITEMNAME_801,Tapium Z,121,-1,42,420,0,"0
0
0
-1
0"
802,ITEMNAME_802,Marshadium Z,121,-1,42,420,0,"0
0
0
-1
0"
803,ITEMNAME_803,Aloraicium Z,121,-1,42,420,0,"0
3
0
-1
0"
804,ITEMNAME_804,Snorlactium Z,121,-1,42,420,0,"0
2
0
-1
0"
805,ITEMNAME_805,Eevium Z,121,-1,42,420,0,"0
3
0
-1
0"
806,ITEMNAME_806,Mewnium Z,121,-1,42,420,0,"0
0
0
-1
0"
807,ITEMNAME_807,Normium Z,121,-1,42,420,0,"0
0
0
-1
0"
808,ITEMNAME_808,Pirium Z,121,-1,42,420,0,"0
0
0
-1
0"
809,ITEMNAME_809,Idrium Z,121,-1,42,420,0,"0
0
0
-1
0"
810,ITEMNAME_810,Electrium Z,121,-1,42,420,0,"0
0
0
-1
0"
811,ITEMNAME_811,Herbium Z,121,-1,42,420,0,"0
0
0
-1
0"
812,ITEMNAME_812,Glacium Z,121,-1,42,420,0,"0
0
0
-1
0"
813,ITEMNAME_813,Luctium Z,121,-1,42,420,0,"0
0
0
-1
0"
814,ITEMNAME_814,Venenium Z,121,-1,42,420,0,"0
0
0
-1
0"
815,ITEMNAME_815,Terrium Z,121,-1,42,420,0,"0
0
0
-1
0"
816,ITEMNAME_816,Volantium Z,121,-1,42,420,0,"0
0
0
-1
0"
817,ITEMNAME_817,Psichium Z,121,-1,42,420,0,"0
0
0
-1
0"
818,ITEMNAME_818,Insectium Z,121,-1,42,420,0,"0
0
0
-1
0"
819,ITEMNAME_819,Petrium Z,121,-1,42,420,0,"0
0
0
-1
0"
820,ITEMNAME_820,Spectrium Z,121,-1,42,420,0,"0
0
0
-1
0"
821,ITEMNAME_821,Draconium Z,121,-1,42,420,0,"0
0
0
-1
0"
822,ITEMNAME_822,Obscurium Z,121,-1,42,420,0,"0
0
0
-1
0"
823,ITEMNAME_823,Metallium Z,121,-1,42,420,0,"0
0
0
-1
0"
824,ITEMNAME_824,Follectium Z,121,-1,42,420,0,"0
0
0
-1
0"
825,ITEMNAME_825,Pikacium Z,121,-1,42,420,0,"0
0
0
-1
0"
826,ITEMNAME_826,Deciduenium Z,121,-1,42,420,0,"0
0
0
-1
0"
827,ITEMNAME_827,Incineronium Z,121,-1,42,420,0,"0
3
0
-1
0"
828,ITEMNAME_828,Primarinium Z,121,-1,42,420,0,"0
0
0
-1
0"
829,ITEMNAME_829,Tapium Z,121,-1,42,420,0,"0
0
0
-1
0"
830,ITEMNAME_830,Marshadium Z,121,-1,42,420,0,"0
0
0
-1
0"
831,ITEMNAME_831,Aloraicium Z,121,-1,42,420,0,"0
3
0
-1
0"
832,ITEMNAME_832,Snorlactium Z,121,-1,42,420,0,"0
2
0
-1
0"
833,ITEMNAME_833,Eevium Z,121,-1,42,420,0,"0
3
0
-1
0"
834,ITEMNAME_834,Mewnium Z,121,-1,42,420,0,"0
0
0
-1
0"
835,ITEMNAME_835,Ashpikacium Z,121,-1,42,420,0,"0
3
0
-1
0"
836,ITEMNAME_836,Ashpikacium Z,121,-1,42,420,0,"0
3
0
-1
0"
837,ITEMNAME_837,???,121,-1,42,420,0,"0
0
0
-1
0"
838,ITEMNAME_838,???,121,-1,42,420,0,"0
0
0
-1
0"
839,ITEMNAME_839,???,121,-1,42,420,0,"0
0
0
-1
0"
840,ITEMNAME_840,???,121,-1,42,420,0,"0
0
0
-1
0"
841,ITEMNAME_841,Portaingredienti,121,-1,42,420,0,"0
0
0
-1
0"
842,ITEMNAME_842,Amo,121,-1,42,420,0,"0
3
0
-1
0"
843,ITEMNAME_843,Maschera Prof.,121,-1,42,420,0,"1
0
0
-1
0"
844,ITEMNAME_844,Festicket,121,-1,42,420,0,"0
0
0
-1
0"
845,ITEMNAME_845,Pietra lucente,121,-1,42,420,0,"1
0
0
-1
0"
846,ITEMNAME_846,Fifasfera,121,-1,42,420,0,"1
0
0
-1
0"
847,ITEMNAME_847,Teca Zygarde,121,-1,42,420,0,"1
0
0
-1
0"
848,ITEMNAME_848,???,121,-1,42,420,0,"0
0
0
-1
0"
849,ITEMNAME_849,Pietragelo,121,-1,42,420,0,"1
0
0
-1
0"
850,ITEMNAME_850,Chiamapassaggio,121,-1,42,420,0,"0
0
0
-1
0"
851,ITEMNAME_851,UC Ball,121,-1,42,420,0,"1
0
0
-1
0"
852,ITEMNAME_852,Malasada maxi,121,-1,42,420,0,"1
0
0
-1
0"
853,ITEMNAME_853,Nettare rosso,121,-1,42,420,0,"0
0
1
-1
0"
854,ITEMNAME_854,Nettare giallo,121,-1,42,420,0,"0
0
1
-1
0"
855,ITEMNAME_855,Nettare rosa,121,-1,42,420,0,"0
0
1
-1
0"
856,ITEMNAME_856,Nettare viola,121,-1,42,420,0,"0
0
1
-1
0"
857,ITEMNAME_857,Flauto solare,121,-1,42,420,0,"0
0
0
-1
0"
858,ITEMNAME_858,Flauto lunare,121,-1,42,420,0,"0
0
0
-1
0"
859,ITEMNAME_859,???,121,-1,42,420,0,"0
0
0
-1
0"
860,ITEMNAME_860,Lettera segreta,121,-1,42,420,0,"1
0
0
-1
0"
861,ITEMNAME_861,Baccalampon argentata,121,-1,42,420,0,"1
0
0
-1
0"
862,ITEMNAME_862,Baccalampon dorata,121,-1,42,420,0,"1
0
0
-1
0"
863,ITEMNAME_863,Baccabana argentata,121,-1,42,420,0,"1
0
0
-1
0"
864,ITEMNAME_864,Baccabana dorata,121,-1,42,420,0,"1
0
0
-1
0"
865,ITEMNAME_865,Baccananas argentata,121,-1,42,420,0,"1
0
0
-1
0"
866,ITEMNAME_866,Baccananas dorata,121,-1,42,420,0,"1
0
0
-1
0"
867,ITEMNAME_867,???,121,-1,42,420,0,"0
0
0
-1
0"
868,ITEMNAME_868,???,121,-1,42,420,0,"0
0
0
-1
0"
869,ITEMNAME_869,???,121,-1,42,420,0,"0
0
0
-1
0"
870,ITEMNAME_870,???,121,-1,42,420,0,"0
0
0
-1
0"
871,ITEMNAME_871,???,121,-1,42,420,0,"0
0
0
-1
0"
872,ITEMNAME_872,Chiave segreta,121,-1,42,420,0,"1
0
0
-1
0"
873,ITEMNAME_873,Biglietto nave,121,-1,42,420,0,"0
0
0
-1
0"
874,ITEMNAME_874,Spettrosonda,121,-1,42,420,0,"1
0
0
-1
0"
875,ITEMNAME_875,Pacco,121,-1,42,420,0,"0
0
0
-1
0"
876,ITEMNAME_876,Apriporta,121,-1,42,420,0,"0
0
0
-1
0"
877,ITEMNAME_877,Denti d’oro,121,-1,42,420,0,"0
0
2
-1
0"
878,ITEMNAME_878,Chiave ascensore,121,-1,42,420,0,"1
0
0
-1
0"
879,ITEMNAME_879,Fissacampo,121,-1,42,420,0,"0
0
0
-1
0"
880,ITEMNAME_880,Smorzaurti,121,-1,42,420,0,"0
2
0
-1
0"
881,ITEMNAME_881,Elettroseme,121,-1,42,420,0,"0
3
0
-1
0"
882,ITEMNAME_882,Psicoseme,121,-1,42,420,0,"0
2
0
-1
0"
883,ITEMNAME_883,Nebbiaseme,121,-1,42,420,0,"0
0
0
-1
0"
884,ITEMNAME_884,Erbaseme,121,-1,42,420,0,"0
3
0
-1
0"
885,ITEMNAME_885,Molla elastica,121,-1,42,420,0,"1
0
0
-1
0"
886,ITEMNAME_886,Gessetto,121,-1,42,420,0,"0
0
0
-1
0"
887,ITEMNAME_887,Biglia,121,-1,42,420,0,"1
0
0
-1
0"
888,ITEMNAME_888,Orecchino,121,-1,42,420,0,"0
0
0
-1
0"
889,ITEMNAME_889,Vetro marino,121,-1,42,420,0,"0
0
0
-1
0"
890,ITEMNAME_890,Fogliadoro,121,-1,42,420,0,"1
0
0
-1
0"
891,ITEMNAME_891,Fogliargento,121,-1,42,420,0,"1
0
0
-1
0"
892,ITEMNAME_892,Pallina di fango,121,-1,42,420,0,"1
0
0
-1
0"
893,ITEMNAME_893,Tropiconchiglia,121,-1,42,420,0,"1
0
0
-1
0"
894,ITEMNAME_894,Foglialettera,121,-1,42,420,0,"1
0
0
-1
0"
895,ITEMNAME_895,Foglialettera,121,-1,42,420,0,"1
0
0
-1
0"
896,ITEMNAME_896,Bouquet,121,-1,42,420,0,"0
0
0
-1
0"
897,ITEMNAME_897,???,121,-1,42,420,0,"0
0
0
-1
0"
898,ITEMNAME_898,???,121,-1,42,420,0,"0
0
0
-1
0"
899,ITEMNAME_899,???,121,-1,42,420,0,"0
0
0
-1
0"
900,ITEMNAME_900,Profumo invito,121,-1,42,420,0,"0
0
0
-1
0"
901,ITEMNAME_901,Superprofumo,121,-1,42,420,0,"0
0
0
-1
0"
902,ITEMNAME_902,Profumo Max,121,-1,42,420,0,"0
0
0
-1
0"
903,ITEMNAME_903,Plumbeosalatini,121,-1,42,420,0,"0
0
2
-1
0"
904,ITEMNAME_904,ROM Lotta,121,-1,42,420,0,"1
0
0
-1
0"
905,ITEMNAME_905,ROM Volante,121,-1,42,420,0,"1
0
0
-1
0"
906,ITEMNAME_906,ROM Veleno,121,-1,42,420,0,"1
0
0
-1
0"
907,ITEMNAME_907,ROM Terra,121,-1,42,420,0,"1
0
0
-1
0"
908,ITEMNAME_908,ROM Roccia,121,-1,42,420,0,"1
0
0
-1
0"
909,ITEMNAME_909,ROM Coleottero,121,-1,42,420,0,"1
0
0
-1
0"
910,ITEMNAME_910,ROM Spettro,121,-1,42,420,0,"1
0
0
-1
0"
911,ITEMNAME_911,ROM Acciaio,121,-1,42,420,0,"1
0
0
-1
0"
912,ITEMNAME_912,ROM Fuoco,121,-1,42,420,0,"1
0
0
-1
0"
913,ITEMNAME_913,ROM Acqua,121,-1,42,420,0,"1
0
0
-1
0"
914,ITEMNAME_914,ROM Erba,121,-1,42,420,0,"1
0
0
-1
0"
915,ITEMNAME_915,ROM Elettro,121,-1,42,420,0,"1
0
0
-1
0"
916,ITEMNAME_916,ROM Psico,121,-1,42,420,0,"1
0
0
-1
0"
917,ITEMNAME_917,ROM Ghiaccio,121,-1,42,420,0,"1
0
0
-1
0"
918,ITEMNAME_918,ROM Drago,121,-1,42,420,0,"1
0
0
-1
0"
919,ITEMNAME_919,ROM Buio,121,-1,42,420,0,"1
0
0
-1
0"
920,ITEMNAME_920,ROM Folletto,121,-1,42,420,0,"1
0
0
-1
0"
921,ITEMNAME_921,Solgaleium Z,121,-1,42,420,0,"0
0
0
-1
0"
922,ITEMNAME_922,Lunalium Z,121,-1,42,420,0,"0
0
0
-1
0"
923,ITEMNAME_923,Ultranecrozium Z,121,-1,42,420,0,"0
0
0
-1
0"
924,ITEMNAME_924,Mimikyum Z,121,-1,42,420,0,"0
0
0
-1
0"
925,ITEMNAME_925,Lycanrochium Z,121,-1,42,420,0,"0
0
0
-1
0"
926,ITEMNAME_926,Kommonium Z,121,-1,42,420,0,"0
0
0
-1
0"
927,ITEMNAME_927,Solgaleium Z,121,-1,42,420,0,"0
0
0
-1
0"
928,ITEMNAME_928,Lunalium Z,121,-1,42,420,0,"0
0
0
-1
0"
929,ITEMNAME_929,Ultranecrozium Z,121,-1,42,420,0,"0
0
0
-1
0"
930,ITEMNAME_930,Mimikyum Z,121,-1,42,420,0,"0
0
0
-1
0"
931,ITEMNAME_931,Lycanrochium Z,121,-1,42,420,0,"0
0
0
-1
0"
932,ITEMNAME_932,Kommonium Z,121,-1,42,420,0,"0
0
0
-1
0"
933,ITEMNAME_933,Supercerchio Z,121,-1,42,420,0,"0
0
0
-1
0"
934,ITEMNAME_934,Petalo rosa,121,-1,42,420,0,"0
0
0
-1
0"
935,ITEMNAME_935,Petalo arancione,121,-1,42,420,0,"0
0
0
-1
0"
936,ITEMNAME_936,Petalo azzurro,121,-1,42,420,0,"0
0
0
-1
0"
937,ITEMNAME_937,Petalo rosso,121,-1,42,420,0,"0
0
0
-1
0"
938,ITEMNAME_938,Petalo verde,121,-1,42,420,0,"0
0
0
-1
0"
939,ITEMNAME_939,Petalo giallo,121,-1,42,420,0,"0
0
0
-1
0"
940,ITEMNAME_940,Petalo violetto,121,-1,42,420,0,"0
0
0
-1
0"
941,ITEMNAME_941,Fiore arcobaleno,121,-1,42,420,0,"0
0
0
-1
0"
942,ITEMNAME_942,Medaglia Tonante,121,-1,42,420,0,"1
0
0
-1
0"
943,ITEMNAME_943,Necrosolix,121,-1,42,420,0,"0
0
0
-1
0"
944,ITEMNAME_944,Necrolunix,121,-1,42,420,0,"0
0
0
-1
0"
945,ITEMNAME_945,Necrosolix,121,-1,42,420,0,"0
0
0
-1
0"
946,ITEMNAME_946,Necrolunix,121,-1,42,420,0,"0
0
0
-1
0"
947,ITEMNAME_947,Normium Z Liam,121,-1,42,420,0,"0
0
0
-1
0"
948,ITEMNAME_948,Poké Ball altrui,121,-1,42,420,0,"1
0
0
-1
0"
949,ITEMNAME_949,Cova’n’roll,121,-1,42,420,0,"0
0
0
-1
0"
950,ITEMNAME_950,Sconto’n’roll,121,-1,42,420,0,"0
0
0
-1
0"
951,ITEMNAME_951,Soldi’n’roll,121,-1,42,420,0,"0
0
0
-1
0"
952,ITEMNAME_952,Esp’n’roll,121,-1,42,420,0,"0
0
0
-1
0"
953,ITEMNAME_953,Affetto’n’roll,121,-1,42,420,0,"0
0
0
-1
0"
954,ITEMNAME_954,Incontra’n’roll,121,-1,42,420,0,"0
0
0
-1
0"
955,ITEMNAME_955,Repelle’n’roll,121,-1,42,420,0,"0
0
0
-1
0"
956,ITEMNAME_956,PS’n’roll,121,-1,42,420,0,"0
0
0
-1
0"
957,ITEMNAME_957,PP’n’roll,121,-1,42,420,0,"0
0
0
-1
0"
958,ITEMNAME_958,Stat’n’roll,121,-1,42,420,0,"0
0
0
-1
0"
959,ITEMNAME_959,Acchiappa’n’roll,121,-1,42,420,0,"0
0
0
-1
0"
960,ITEMNAME_960,Caramella vitalità S,39,-1,42,420,0,"1
0
0
-1
0"
961,ITEMNAME_961,Caramella potenza S,39,-1,42,420,0,"1
0
0
-1
0"
962,ITEMNAME_962,Caramella protezione S,39,-1,42,420,0,"1
0
0
-1
0"
963,ITEMNAME_963,Caramella acume S,39,-1,42,420,0,"1
0
0
-1
0"
964,ITEMNAME_964,Caramella intuito S,39,-1,42,420,0,"1
0
0
-1
0"
965,ITEMNAME_965,Caramella rapidità S,39,-1,42,420,0,"1
0
0
-1
0"
966,ITEMNAME_966,Caramella vitalità M,39,-1,42,420,0,"1
0
0
-1
0"
967,ITEMNAME_967,Caramella potenza M,39,-1,42,420,0,"1
0
0
-1
0"
968,ITEMNAME_968,Caramella protezione M,39,-1,42,420,0,"1
0
0
-1
0"
969,ITEMNAME_969,Caramella acume M,39,-1,42,420,0,"1
0
0
-1
0"
970,ITEMNAME_970,Caramella intuito M,39,-1,42,420,0,"1
0
0
-1
0"
971,ITEMNAME_971,Caramella rapidità M,39,-1,42,420,0,"1
0
0
-1
0"
972,ITEMNAME_972,Caramella vitalità L,39,-1,42,420,0,"1
0
0
-1
0"
973,ITEMNAME_973,Caramella potenza L,39,-1,42,420,0,"1
0
0
-1
0"
974,ITEMNAME_974,Caramella protezione L,39,-1,42,420,0,"1
0
0
-1
0"
975,ITEMNAME_975,Caramella acume L,39,-1,42,420,0,"1
0
0
-1
0"
976,ITEMNAME_976,Caramella intuito L,39,-1,42,420,0,"1
0
0
-1
0"
977,ITEMNAME_977,Caramella rapidità L,39,-1,42,420,0,"1
0
0
-1
0"
978,ITEMNAME_978,Caramella Bulbasaur,39,-1,42,420,0,"1
0
0
-1
0"
979,ITEMNAME_979,Caramella Charmander,39,-1,42,420,0,"1
0
0
-1
0"
980,ITEMNAME_980,Caramella Squirtle,39,-1,42,420,0,"1
0
0
-1
0"
981,ITEMNAME_981,Caramella Caterpie,39,-1,42,420,0,"1
0
0
-1
0"
982,ITEMNAME_982,Caramella Weedle,39,-1,42,420,0,"1
0
0
-1
0"
983,ITEMNAME_983,Caramella Pidgey,39,-1,42,420,0,"1
0
0
-1
0"
984,ITEMNAME_984,Caramella Rattata,39,-1,42,420,0,"1
0
0
-1
0"
985,ITEMNAME_985,Caramella Spearow,39,-1,42,420,0,"1
0
0
-1
0"
986,ITEMNAME_986,Caramella Ekans,39,-1,42,420,0,"1
0
0
-1
0"
987,ITEMNAME_987,Caramella Pikachu,39,-1,42,420,0,"1
0
0
-1
0"
988,ITEMNAME_988,Caramella Sandshrew,39,-1,42,420,0,"1
0
0
-1
0"
989,ITEMNAME_989,Caramella Nidoran♀,39,-1,42,420,0,"1
0
0
-1
0"
990,ITEMNAME_990,Caramella Nidoran♂,39,-1,42,420,0,"1
0
0
-1
0"
991,ITEMNAME_991,Caramella Clefairy,39,-1,42,420,0,"1
0
0
-1
0"
992,ITEMNAME_992,Caramella Vulpix,39,-1,42,420,0,"1
0
0
-1
0"
993,ITEMNAME_993,Caramella Jigglypuff,39,-1,42,420,0,"1
0
0
-1
0"
994,ITEMNAME_994,Caramella Zubat,39,-1,42,420,0,"1
0
0
-1
0"
995,ITEMNAME_995,Caramella Oddish,39,-1,42,420,0,"1
0
0
-1
0"
996,ITEMNAME_996,Caramella Paras,39,-1,42,420,0,"1
0
0
-1
0"
997,ITEMNAME_997,Caramella Venonat,39,-1,42,420,0,"1
0
0
-1
0"
998,ITEMNAME_998,Caramella Diglett,39,-1,42,420,0,"1
0
0
-1
0"
999,ITEMNAME_999,Caramella Meowth,39,-1,42,420,0,"1
0
0
-1
0"
1000,ITEMNAME_1000,Caramella Psyduck,39,-1,42,420,0,"1
0
0
-1
0"
1001,ITEMNAME_1001,Caramella Mankey,39,-1,42,420,0,"1
0
0
-1
0"
1002,ITEMNAME_1002,Caramella Growlithe,39,-1,42,420,0,"1
0
0
-1
0"
1003,ITEMNAME_1003,Caramella Poliwag,39,-1,42,420,0,"1
0
0
-1
0"
1004,ITEMNAME_1004,Caramella Abra,39,-1,42,420,0,"1
0
0
-1
0"
1005,ITEMNAME_1005,Caramella Machop,39,-1,42,420,0,"1
0
0
-1
0"
1006,ITEMNAME_1006,Caramella Bellsprout,39,-1,42,420,0,"1
0
0
-1
0"
1007,ITEMNAME_1007,Caramella Tentacool,39,-1,42,420,0,"1
0
0
-1
0"
1008,ITEMNAME_1008,Caramella Geodude,39,-1,42,420,0,"1
0
0
-1
0"
1009,ITEMNAME_1009,Caramella Ponyta,39,-1,42,420,0,"1
0
0
-1
0"
1010,ITEMNAME_1010,Caramella Slowpoke,39,-1,42,420,0,"1
0
0
-1
0"
1011,ITEMNAME_1011,Caramella Magnemite,39,-1,42,420,0,"1
0
0
-1
0"
1012,ITEMNAME_1012,Caramella Farfetch’d,39,-1,42,420,0,"1
0
0
-1
0"
1013,ITEMNAME_1013,Caramella Doduo,39,-1,42,420,0,"1
0
0
-1
0"
1014,ITEMNAME_1014,Caramella Seel,39,-1,42,420,0,"1
0
0
-1
0"
1015,ITEMNAME_1015,Caramella Grimer,39,-1,42,420,0,"1
0
0
-1
0"
1016,ITEMNAME_1016,Caramella Shellder,39,-1,42,420,0,"1
0
0
-1
0"
1017,ITEMNAME_1017,Caramella Gastly,39,-1,42,420,0,"1
0
0
-1
0"
1018,ITEMNAME_1018,Caramella Onix,39,-1,42,420,0,"1
0
0
-1
0"
1019,ITEMNAME_1019,Caramella Drowzee,39,-1,42,420,0,"1
0
0
-1
0"
1020,ITEMNAME_1020,Caramella Krabby,39,-1,42,420,0,"1
0
0
-1
0"
1021,ITEMNAME_1021,Caramella Voltorb,39,-1,42,420,0,"1
0
0
-1
0"
1022,ITEMNAME_1022,Caramella Exeggcute,39,-1,42,420,0,"1
0
0
-1
0"
1023,ITEMNAME_1023,Caramella Cubone,39,-1,42,420,0,"1
0
0
-1
0"
1024,ITEMNAME_1024,Caramella Hitmonlee,39,-1,42,420,0,"1
0
0
-1
0"
1025,ITEMNAME_1025,Caramella Hitmonchan,39,-1,42,420,0,"1
0
0
-1
0"
1026,ITEMNAME_1026,Caramella Lickitung,39,-1,42,420,0,"1
0
0
-1
0"
1027,ITEMNAME_1027,Caramella Koffing,39,-1,42,420,0,"1
0
0
-1
0"
1028,ITEMNAME_1028,Caramella Rhyhorn,39,-1,42,420,0,"1
0
0
-1
0"
1029,ITEMNAME_1029,Caramella Chansey,39,-1,42,420,0,"1
0
0
-1
0"
1030,ITEMNAME_1030,Caramella Tangela,39,-1,42,420,0,"1
0
0
-1
0"
1031,ITEMNAME_1031,Caramella Kangaskhan,39,-1,42,420,0,"1
0
0
-1
0"
1032,ITEMNAME_1032,Caramella Horsea,39,-1,42,420,0,"1
0
0
-1
0"
1033,ITEMNAME_1033,Caramella Goldeen,39,-1,42,420,0,"1
0
0
-1
0"
1034,ITEMNAME_1034,Caramella Staryu,39,-1,42,420,0,"1
0
0
-1
0"
1035,ITEMNAME_1035,Caramella Mr. Mime,39,-1,42,420,0,"1
0
0
-1
0"
1036,ITEMNAME_1036,Caramella Scyther,39,-1,42,420,0,"1
0
0
-1
0"
1037,ITEMNAME_1037,Caramella Jynx,39,-1,42,420,0,"1
0
0
-1
0"
1038,ITEMNAME_1038,Caramella Electabuzz,39,-1,42,420,0,"1
0
0
-1
0"
1039,ITEMNAME_1039,Caramella Pinsir,39,-1,42,420,0,"1
0
0
-1
0"
1040,ITEMNAME_1040,Caramella Tauros,39,-1,42,420,0,"1
0
0
-1
0"
1041,ITEMNAME_1041,Caramella Magikarp,39,-1,42,420,0,"1
0
0
-1
0"
1042,ITEMNAME_1042,Caramella Lapras,39,-1,42,420,0,"1
0
0
-1
0"
1043,ITEMNAME_1043,Caramella Ditto,39,-1,42,420,0,"1
0
0
-1
0"
1044,ITEMNAME_1044,Caramella Eevee,39,-1,42,420,0,"1
0
0
-1
0"
1045,ITEMNAME_1045,Caramella Porygon,39,-1,42,420,0,"1
0
0
-1
0"
1046,ITEMNAME_1046,Caramella Omanyte,39,-1,42,420,0,"1
0
0
-1
0"
1047,ITEMNAME_1047,Caramella Kabuto,39,-1,42,420,0,"1
0
0
-1
0"
1048,ITEMNAME_1048,Caramella Aerodactyl,39,-1,42,420,0,"1
0
0
-1
0"
1049,ITEMNAME_1049,Caramella Snorlax,39,-1,42,420,0,"1
0
0
-1
0"
1050,ITEMNAME_1050,Caramella Articuno,39,-1,42,420,0,"1
0
0
-1
0"
1051,ITEMNAME_1051,Caramella Zapdos,39,-1,42,420,0,"1
0
0
-1
0"
1052,ITEMNAME_1052,Caramella Moltres,39,-1,42,420,0,"1
0
0
-1
0"
1053,ITEMNAME_1053,Caramella Dratini,39,-1,42,420,0,"1
0
0
-1
0"
1054,ITEMNAME_1054,Caramella Mewtwo,39,-1,42,420,0,"1
0
0
-1
0"
1055,ITEMNAME_1055,Caramella Mew,39,-1,42,420,0,"1
0
0
-1
0"
1056,ITEMNAME_1056,Caramella Meltan,39,-1,42,420,0,"1
0
0
-1
0"
1057,ITEMNAME_1057,Caramella Magmar,39,-1,42,420,0,"1
0
0
-1
0"
1058,ITEMNAME_1058,???,121,-1,42,420,0,"0
0
0
-1
0"
1059,ITEMNAME_1059,???,121,-1,42,420,0,"0
0
0
-1
0"
1060,ITEMNAME_1060,???,121,-1,42,420,0,"0
0
0
-1
0"
1061,ITEMNAME_1061,???,121,-1,42,420,0,"0
0
0
-1
0"
1062,ITEMNAME_1062,???,121,-1,42,420,0,"0
0
0
-1
0"
1063,ITEMNAME_1063,???,121,-1,42,420,0,"0
0
0
-1
0"
1064,ITEMNAME_1064,???,121,-1,42,420,0,"0
0
0
-1
0"
1065,ITEMNAME_1065,???,121,-1,42,420,0,"0
0
0
-1
0"
1066,ITEMNAME_1066,???,121,-1,42,420,0,"0
0
0
-1
0"
1067,ITEMNAME_1067,???,121,-1,42,420,0,"0
0
0
-1
0"
1068,ITEMNAME_1068,???,121,-1,42,420,0,"0
0
0
-1
0"
1069,ITEMNAME_1069,???,121,-1,42,420,0,"0
0
0
-1
0"
1070,ITEMNAME_1070,???,121,-1,42,420,0,"0
0
0
-1
0"
1071,ITEMNAME_1071,???,121,-1,42,420,0,"0
0
0
-1
0"
1072,ITEMNAME_1072,???,121,-1,42,420,0,"0
0
0
-1
0"
1073,ITEMNAME_1073,???,121,-1,42,420,0,"0
0
0
-1
0"
1074,ITEMNAME_1074,Referenze,121,-1,42,420,0,"1
0
2
-1
0"
1075,ITEMNAME_1075,Box Pokémon,121,-1,42,420,0,"0
0
0
-1
0"
1076,ITEMNAME_1076,Desiostella,121,-1,42,420,0,"1
0
0
-1
0"
1077,ITEMNAME_1077,Polsino Dynamax,121,-1,42,420,0,"0
0
0
-1
0"
1078,ITEMNAME_1078,???,121,-1,42,420,0,"0
0
0
-1
0"
1079,ITEMNAME_1079,???,121,-1,42,420,0,"0
0
0
-1
0"
1080,ITEMNAME_1080,Amo,121,-1,42,420,0,"0
0
0
-1
0"
1081,ITEMNAME_1081,Bici Rotom,121,-1,42,420,0,"1
0
0
-1
0"
1082,ITEMNAME_1082,???,121,-1,42,420,0,"0
0
0
-1
0"
1083,ITEMNAME_1083,???,121,-1,42,420,0,"0
0
0
-1
0"
1084,ITEMNAME_1084,Salsicce,121,-1,42,420,0,"1
0
2
-1
0"
1085,ITEMNAME_1085,Lattina Gustavo,121,-1,42,420,0,"1
0
0
-1
0"
1086,ITEMNAME_1086,Scatoletta Bach,121,-1,42,420,0,"1
0
0
-1
0"
1087,ITEMNAME_1087,Lattina fagioli,121,-1,42,420,0,"1
0
0
-1
0"
1088,ITEMNAME_1088,Pan carré,121,-1,42,420,0,"0
0
1
-1
0"
1089,ITEMNAME_1089,Pasta,121,-1,42,420,0,"1
0
1
-1
0"
1090,ITEMNAME_1090,Funghi,121,-1,42,420,0,"0
0
2
-1
0"
1091,ITEMNAME_1091,Coda affumicata,121,-1,42,420,0,"1
0
0
-1
0"
1092,ITEMNAME_1092,Grosso porro,121,-1,42,420,0,"0
0
0
-1
0"
1093,ITEMNAME_1093,Mela prelibata,121,-1,42,420,0,"1
0
0
-1
0"
1094,ITEMNAME_1094,Ossi sottili,121,-1,42,420,0,"0
0
2
-1
0"
1095,ITEMNAME_1095,Patate,121,-1,42,420,0,"1
0
2
-1
0"
1096,ITEMNAME_1096,Erbe acquatiche,121,-1,42,420,0,"1
0
2
-1
0"
1097,ITEMNAME_1097,Verdure,121,-1,42,420,0,"1
0
2
-1
0"
1098,ITEMNAME_1098,Fritto misto,121,-1,42,420,0,"0
0
1
-1
0"
1099,ITEMNAME_1099,Uovo sodo,121,-1,42,420,0,"0
0
0
-1
0"
1100,ITEMNAME_1100,Kit da campeggio,121,-1,42,420,0,"0
0
0
-1
0"
1101,ITEMNAME_1101,???,121,-1,42,420,0,"0
0
0
-1
0"
1102,ITEMNAME_1102,???,121,-1,42,420,0,"0
0
0
-1
0"
1103,ITEMNAME_1103,Spada rovinata,121,-1,42,420,0,"1
0
0
-1
0"
1104,ITEMNAME_1104,Scudo rovinato,121,-1,42,420,0,"0
0
0
-1
0"
1105,ITEMNAME_1105,Ornitofossile,121,-1,42,420,0,"0
0
0
-1
0"
1106,ITEMNAME_1106,Ittiofossile,121,-1,42,420,0,"0
0
0
-1
0"
1107,ITEMNAME_1107,Dracofossile,121,-1,42,420,0,"0
0
0
-1
0"
1108,ITEMNAME_1108,Plesiofossile,121,-1,42,420,0,"0
0
0
-1
0"
1109,ITEMNAME_1109,Bonbonfragola,121,-1,42,420,0,"0
0
0
-1
0"
1110,ITEMNAME_1110,Bonboncuore,121,-1,42,420,0,"0
0
0
-1
0"
1111,ITEMNAME_1111,Bonbonbosco,121,-1,42,420,0,"0
0
0
-1
0"
1112,ITEMNAME_1112,Bonbonfoglio,121,-1,42,420,0,"0
0
0
-1
0"
1113,ITEMNAME_1113,Bonbonfiore,121,-1,42,420,0,"0
0
0
-1
0"
1114,ITEMNAME_1114,Bonbonstella,121,-1,42,420,0,"0
0
0
-1
0"
1115,ITEMNAME_1115,Bonbonfiocco,121,-1,42,420,0,"0
0
0
-1
0"
1116,ITEMNAME_1116,Dolcepomo,121,-1,42,420,0,"0
0
0
-1
0"
1117,ITEMNAME_1117,Aspropomo,121,-1,42,420,0,"0
0
0
-1
0"
1118,ITEMNAME_1118,Spray gola,121,-1,42,420,0,"0
0
0
-1
0"
1119,ITEMNAME_1119,Zainofuga,121,-1,42,420,0,"0
0
0
-1
0"
1120,ITEMNAME_1120,Scarponi robusti,121,-1,42,420,0,"0
0
2
-1
0"
1121,ITEMNAME_1121,Fiascopolizza,121,-1,42,420,0,"1
0
0
-1
0"
1122,ITEMNAME_1122,Distorservizio,121,-1,42,420,0,"0
0
0
-1
0"
1123,ITEMNAME_1123,Superombrello,121,-1,42,420,0,"0
0
0
-1
0"
1124,ITEMNAME_1124,Caram. Esp. XS,121,-1,42,420,0,"1
0
0
-1
0"
1125,ITEMNAME_1125,Caram. Esp. S,121,-1,42,420,0,"1
0
0
-1
0"
1126,ITEMNAME_1126,Caram. Esp. M,121,-1,42,420,0,"1
0
0
-1
0"
1127,ITEMNAME_1127,Caram. Esp. L,121,-1,42,420,0,"1
0
0
-1
0"
1128,ITEMNAME_1128,Caram. Esp. XL,121,-1,42,420,0,"1
0
0
-1
0"
1129,ITEMNAME_1129,Caram. Dynamax,121,-1,42,420,0,"1
0
0
-1
0"
1130,ITEMNAME_1130,DT00,121,-1,42,420,0,"0
0
0
-1
0"
1131,ITEMNAME_1131,TM101,121,-1,42,420,0,"-1
0
0
-1
1"
1132,ITEMNAME_1132,TM102,121,-1,42,420,0,"-1
0
0
-1
1"
1133,ITEMNAME_1133,TM103,121,-1,42,420,0,"-1
0
0
-1
1"
1134,ITEMNAME_1134,TM104,121,-1,42,420,0,"-1
0
0
-1
1"
1135,ITEMNAME_1135,DT05,121,-1,42,420,0,"0
0
0
-1
0"
1136,ITEMNAME_1136,DT06,121,-1,42,420,0,"0
0
0
-1
0"
1137,ITEMNAME_1137,DT07,121,-1,42,420,0,"0
0
0
-1
0"
1138,ITEMNAME_1138,DT08,121,-1,42,420,0,"0
0
0
-1
0"
1139,ITEMNAME_1139,DT09,121,-1,42,420,0,"0
0
0
-1
0"
1140,ITEMNAME_1140,DT10,121,-1,42,420,0,"0
0
0
-1
0"
1141,ITEMNAME_1141,DT11,121,-1,42,420,0,"0
0
0
-1
0"
1142,ITEMNAME_1142,DT12,121,-1,42,420,0,"0
0
0
-1
0"
1143,ITEMNAME_1143,DT13,121,-1,42,420,0,"0
0
0
-1
0"
1144,ITEMNAME_1144,DT14,121,-1,42,420,0,"0
0
0
-1
0"
1145,ITEMNAME_1145,DT15,121,-1,42,420,0,"0
0
0
-1
0"
1146,ITEMNAME_1146,DT16,121,-1,42,420,0,"0
0
0
-1
0"
1147,ITEMNAME_1147,DT17,121,-1,42,420,0,"0
0
0
-1
0"
1148,ITEMNAME_1148,DT18,121,-1,42,420,0,"0
0
0
-1
0"
1149,ITEMNAME_1149,DT19,121,-1,42,420,0,"0
0
0
-1
0"
1150,ITEMNAME_1150,DT20,121,-1,42,420,0,"0
0
0
-1
0"
1151,ITEMNAME_1151,DT21,121,-1,42,420,0,"0
0
0
-1
0"
1152,ITEMNAME_1152,DT22,121,-1,42,420,0,"0
0
0
-1
0"
1153,ITEMNAME_1153,DT23,121,-1,42,420,0,"0
0
0
-1
0"
1154,ITEMNAME_1154,DT24,121,-1,42,420,0,"0
0
0
-1
0"
1155,ITEMNAME_1155,DT25,121,-1,42,420,0,"0
0
0
-1
0"
1156,ITEMNAME_1156,DT26,121,-1,42,420,0,"0
0
0
-1
0"
1157,ITEMNAME_1157,DT27,121,-1,42,420,0,"0
0
0
-1
0"
1158,ITEMNAME_1158,DT28,121,-1,42,420,0,"0
0
0
-1
0"
1159,ITEMNAME_1159,DT29,121,-1,42,420,0,"0
0
0
-1
0"
1160,ITEMNAME_1160,DT30,121,-1,42,420,0,"0
0
0
-1
0"
1161,ITEMNAME_1161,DT31,121,-1,42,420,0,"0
0
0
-1
0"
1162,ITEMNAME_1162,DT32,121,-1,42,420,0,"0
0
0
-1
0"
1163,ITEMNAME_1163,DT33,121,-1,42,420,0,"0
0
0
-1
0"
1164,ITEMNAME_1164,DT34,121,-1,42,420,0,"0
0
0
-1
0"
1165,ITEMNAME_1165,DT35,121,-1,42,420,0,"0
0
0
-1
0"
1166,ITEMNAME_1166,DT36,121,-1,42,420,0,"0
0
0
-1
0"
1167,ITEMNAME_1167,DT37,121,-1,42,420,0,"0
0
0
-1
0"
1168,ITEMNAME_1168,DT38,121,-1,42,420,0,"0
0
0
-1
0"
1169,ITEMNAME_1169,DT39,121,-1,42,420,0,"0
0
0
-1
0"
1170,ITEMNAME_1170,DT40,121,-1,42,420,0,"0
0
0
-1
0"
1171,ITEMNAME_1171,DT41,121,-1,42,420,0,"0
0
0
-1
0"
1172,ITEMNAME_1172,DT42,121,-1,42,420,0,"0
0
0
-1
0"
1173,ITEMNAME_1173,DT43,121,-1,42,420,0,"0
0
0
-1
0"
1174,ITEMNAME_1174,DT44,121,-1,42,420,0,"0
0
0
-1
0"
1175,ITEMNAME_1175,DT45,121,-1,42,420,0,"0
0
0
-1
0"
1176,ITEMNAME_1176,DT46,121,-1,42,420,0,"0
0
0
-1
0"
1177,ITEMNAME_1177,DT47,121,-1,42,420,0,"0
0
0
-1
0"
1178,ITEMNAME_1178,DT48,121,-1,42,420,0,"0
0
0
-1
0"
1179,ITEMNAME_1179,DT49,121,-1,42,420,0,"0
0
0
-1
0"
1180,ITEMNAME_1180,DT50,121,-1,42,420,0,"0
0
0
-1
0"
1181,ITEMNAME_1181,DT51,121,-1,42,420,0,"0
0
0
-1
0"
1182,ITEMNAME_1182,DT52,121,-1,42,420,0,"0
0
0
-1
0"
1183,ITEMNAME_1183,DT53,121,-1,42,420,0,"0
0
0
-1
0"
1184,ITEMNAME_1184,DT54,121,-1,42,420,0,"0
0
0
-1
0"
1185,ITEMNAME_1185,DT55,121,-1,42,420,0,"0
0
0
-1
0"
1186,ITEMNAME_1186,DT56,121,-1,42,420,0,"0
0
0
-1
0"
1187,ITEMNAME_1187,DT57,121,-1,42,420,0,"0
0
0
-1
0"
1188,ITEMNAME_1188,DT58,121,-1,42,420,0,"0
0
0
-1
0"
1189,ITEMNAME_1189,DT59,121,-1,42,420,0,"0
0
0
-1
0"
1190,ITEMNAME_1190,DT60,121,-1,42,420,0,"0
0
0
-1
0"
1191,ITEMNAME_1191,DT61,121,-1,42,420,0,"0
0
0
-1
0"
1192,ITEMNAME_1192,DT62,121,-1,42,420,0,"0
0
0
-1
0"
1193,ITEMNAME_1193,DT63,121,-1,42,420,0,"0
0
0
-1
0"
1194,ITEMNAME_1194,DT64,121,-1,42,420,0,"0
0
0
-1
0"
1195,ITEMNAME_1195,DT65,121,-1,42,420,0,"0
0
0
-1
0"
1196,ITEMNAME_1196,DT66,121,-1,42,420,0,"0
0
0
-1
0"
1197,ITEMNAME_1197,DT67,121,-1,42,420,0,"0
0
0
-1
0"
1198,ITEMNAME_1198,DT68,121,-1,42,420,0,"0
0
0
-1
0"
1199,ITEMNAME_1199,DT69,121,-1,42,420,0,"0
0
0
-1
0"
1200,ITEMNAME_1200,DT70,121,-1,42,420,0,"0
0
0
-1
0"
1201,ITEMNAME_1201,DT71,121,-1,42,420,0,"0
0
0
-1
0"
1202,ITEMNAME_1202,DT72,121,-1,42,420,0,"0
0
0
-1
0"
1203,ITEMNAME_1203,DT73,121,-1,42,420,0,"0
0
0
-1
0"
1204,ITEMNAME_1204,DT74,121,-1,42,420,0,"0
0
0
-1
0"
1205,ITEMNAME_1205,DT75,121,-1,42,420,0,"0
0
0
-1
0"
1206,ITEMNAME_1206,DT76,121,-1,42,420,0,"0
0
0
-1
0"
1207,ITEMNAME_1207,DT77,121,-1,42,420,0,"0
0
0
-1
0"
1208,ITEMNAME_1208,DT78,121,-1,42,420,0,"0
0
0
-1
0"
1209,ITEMNAME_1209,DT79,121,-1,42,420,0,"0
0
0
-1
0"
1210,ITEMNAME_1210,DT80,121,-1,42,420,0,"0
0
0
-1
0"
1211,ITEMNAME_1211,DT81,121,-1,42,420,0,"0
0
0
-1
0"
1212,ITEMNAME_1212,DT82,121,-1,42,420,0,"0
0
0
-1
0"
1213,ITEMNAME_1213,DT83,121,-1,42,420,0,"0
0
0
-1
0"
1214,ITEMNAME_1214,DT84,121,-1,42,420,0,"0
0
0
-1
0"
1215,ITEMNAME_1215,DT85,121,-1,42,420,0,"0
0
0
-1
0"
1216,ITEMNAME_1216,DT86,121,-1,42,420,0,"0
0
0
-1
0"
1217,ITEMNAME_1217,DT87,121,-1,42,420,0,"0
0
0
-1
0"
1218,ITEMNAME_1218,DT88,121,-1,42,420,0,"0
0
0
-1
0"
1219,ITEMNAME_1219,DT89,121,-1,42,420,0,"0
0
0
-1
0"
1220,ITEMNAME_1220,DT90,121,-1,42,420,0,"0
0
0
-1
0"
1221,ITEMNAME_1221,DT91,121,-1,42,420,0,"0
0
0
-1
0"
1222,ITEMNAME_1222,DT92,121,-1,42,420,0,"0
0
0
-1
0"
1223,ITEMNAME_1223,DT93,121,-1,42,420,0,"0
0
0
-1
0"
1224,ITEMNAME_1224,DT94,121,-1,42,420,0,"0
0
0
-1
0"
1225,ITEMNAME_1225,DT95,121,-1,42,420,0,"0
0
0
-1
0"
1226,ITEMNAME_1226,DT96,121,-1,42,420,0,"0
0
0
-1
0"
1227,ITEMNAME_1227,DT97,121,-1,42,420,0,"0
0
0
-1
0"
1228,ITEMNAME_1228,DT98,121,-1,42,420,0,"0
0
0
-1
0"
1229,ITEMNAME_1229,DT99,121,-1,42,420,0,"0
0
0
-1
0"
1230,ITEMNAME_1230,MT00,121,-1,42,420,0,"1
0
0
-1
0"
1231,ITEMNAME_1231,Menta Schiva,121,-1,42,420,0,"1
0
1
-1
0"
1232,ITEMNAME_1232,Menta Decisa,121,-1,42,420,0,"1
0
1
-1
0"
1233,ITEMNAME_1233,Menta Birbona,121,-1,42,420,0,"1
0
1
-1
0"
1234,ITEMNAME_1234,Menta Audace,121,-1,42,420,0,"1
0
1
-1
0"
1235,ITEMNAME_1235,Menta Sicura,121,-1,42,420,0,"1
0
1
-1
0"
1236,ITEMNAME_1236,Menta Scaltra,121,-1,42,420,0,"1
0
1
-1
0"
1237,ITEMNAME_1237,Menta Fiacca,121,-1,42,420,0,"1
0
1
-1
0"
1238,ITEMNAME_1238,Menta Placida,121,-1,42,420,0,"1
0
1
-1
0"
1239,ITEMNAME_1239,Menta Modesta,121,-1,42,420,0,"1
0
1
-1
0"
1240,ITEMNAME_1240,Menta Mite,121,-1,42,420,0,"1
0
1
-1
0"
1241,ITEMNAME_1241,Menta Ardente,121,-1,42,420,0,"1
0
1
-1
0"
1242,ITEMNAME_1242,Menta Quieta,121,-1,42,420,0,"1
0
1
-1
0"
1243,ITEMNAME_1243,Menta Calma,121,-1,42,420,0,"1
0
1
-1
0"
1244,ITEMNAME_1244,Menta Gentile,121,-1,42,420,0,"1
0
1
-1
0"
1245,ITEMNAME_1245,Menta Cauta,121,-1,42,420,0,"1
0
1
-1
0"
1246,ITEMNAME_1246,Menta Vivace,121,-1,42,420,0,"1
0
1
-1
0"
1247,ITEMNAME_1247,Menta Timida,121,-1,42,420,0,"1
0
1
-1
0"
1248,ITEMNAME_1248,Menta Lesta,121,-1,42,420,0,"1
0
1
-1
0"
1249,ITEMNAME_1249,Menta Allegra,121,-1,42,420,0,"1
0
1
-1
0"
1250,ITEMNAME_1250,Menta Ingenua,121,-1,42,420,0,"1
0
1
-1
0"
1251,ITEMNAME_1251,Menta Seria,121,-1,42,420,0,"1
0
1
-1
0"
1252,ITEMNAME_1252,Desioblocco,121,-1,42,420,0,"0
0
0
-1
0"
1253,ITEMNAME_1253,Teiera rotta,121,-1,42,420,0,"1
0
0
-1
0"
1254,ITEMNAME_1254,Teiera crepata,121,-1,42,420,0,"1
0
0
-1
0"
1255,ITEMNAME_1255,Supertappi,121,-1,42,420,0,"0
0
2
-1
0"
1256,ITEMNAME_1256,Frutti,121,-1,42,420,0,"0
0
2
-1
0"
1257,ITEMNAME_1257,Formaggio Mumu,121,-1,42,420,0,"0
0
1
-1
0"
1258,ITEMNAME_1258,Spezie assortite,121,-1,42,420,0,"1
0
2
-1
0"
1259,ITEMNAME_1259,Panna da cucina,121,-1,42,420,0,"1
0
1
-1
0"
1260,ITEMNAME_1260,Curry precotto,121,-1,42,420,0,"0
0
1
-1
0"
1261,ITEMNAME_1261,Latte di cocco,121,-1,42,420,0,"0
0
1
-1
0"
1262,ITEMNAME_1262,Noodle precotti,121,-1,42,420,0,"0
0
2
-1
0"
1263,ITEMNAME_1263,Hamburger,121,-1,42,420,0,"0
3
0
-1
0"
1264,ITEMNAME_1264,Gigaspezia,121,-1,42,420,0,"1
0
0
-1
0"
1265,ITEMNAME_1265,Desioframmento,121,-1,42,420,0,"0
0
0
-1
0"
1266,ITEMNAME_1266,Bici Rotom,121,-1,42,420,0,"1
0
0
-1
0"
1267,ITEMNAME_1267,Catturamuleto,121,-1,42,420,0,"0
0
0
-1
0"
1268,ITEMNAME_1268,???,121,-1,42,420,0,"0
0
0
-1
0"
1269,ITEMNAME_1269,Vecchia lettera,121,-1,42,420,0,"1
0
0
-1
0"
1270,ITEMNAME_1270,Autografo band,121,-1,42,420,0,"0
0
0
-1
0"
1271,ITEMNAME_1271,Libro di Sonia,121,-1,42,420,0,"0
0
0
-1
0"
1272,ITEMNAME_1272,???,121,-1,42,420,0,"0
0
0
-1
0"
1273,ITEMNAME_1273,???,121,-1,42,420,0,"0
0
0
-1
0"
1274,ITEMNAME_1274,???,121,-1,42,420,0,"0
0
0
-1
0"
1275,ITEMNAME_1275,???,121,-1,42,420,0,"0
0
0
-1
0"
1276,ITEMNAME_1276,???,121,-1,42,420,0,"0
0
0
-1
0"
1277,ITEMNAME_1277,???,121,-1,42,420,0,"0
0
0
-1
0"
1278,ITEMNAME_1278,Catalogo Rotom,121,-1,42,420,0,"0
0
0
-1
0"
1279,ITEMNAME_1279,★And458,121,-1,42,420,0,"0
0
0
-1
0"
1280,ITEMNAME_1280,★And15,121,-1,42,420,0,"0
0
0
-1
0"
1281,ITEMNAME_1281,★And337,121,-1,42,420,0,"0
0
0
-1
0"
1282,ITEMNAME_1282,★And603,121,-1,42,420,0,"0
0
0
-1
0"
1283,ITEMNAME_1283,★And390,121,-1,42,420,0,"0
0
0
-1
0"
1284,ITEMNAME_1284,★Sgr6879,121,-1,42,420,0,"0
0
0
-1
0"
1285,ITEMNAME_1285,★Sgr6859,121,-1,42,420,0,"0
0
0
-1
0"
1286,ITEMNAME_1286,★Sgr6913,121,-1,42,420,0,"0
0
0
-1
0"
1287,ITEMNAME_1287,★Sgr7348,121,-1,42,420,0,"0
0
0
-1
0"
1288,ITEMNAME_1288,★Sgr7121,121,-1,42,420,0,"0
0
0
-1
0"
1289,ITEMNAME_1289,★Sgr6746,121,-1,42,420,0,"0
0
0
-1
0"
1290,ITEMNAME_1290,★Sgr7194,121,-1,42,420,0,"0
0
0
-1
0"
1291,ITEMNAME_1291,★Sgr7337,121,-1,42,420,0,"0
0
0
-1
0"
1292,ITEMNAME_1292,★Sgr7343,121,-1,42,420,0,"0
0
0
-1
0"
1293,ITEMNAME_1293,★Sgr6812,121,-1,42,420,0,"0
0
0
-1
0"
1294,ITEMNAME_1294,★Sgr7116,121,-1,42,420,0,"0
0
0
-1
0"
1295,ITEMNAME_1295,★Sgr7264,121,-1,42,420,0,"0
0
0
-1
0"
1296,ITEMNAME_1296,★Sgr7597,121,-1,42,420,0,"0
0
0
-1
0"
1297,ITEMNAME_1297,★Del7882,121,-1,42,420,0,"0
0
0
-1
0"
1298,ITEMNAME_1298,★Del7906,121,-1,42,420,0,"0
0
0
-1
0"
1299,ITEMNAME_1299,★Del7852,121,-1,42,420,0,"0
0
0
-1
0"
1300,ITEMNAME_1300,★Psc596,121,-1,42,420,0,"0
0
0
-1
0"
1301,ITEMNAME_1301,★Psc361,121,-1,42,420,0,"0
0
0
-1
0"
1302,ITEMNAME_1302,★Psc510,121,-1,42,420,0,"0
0
0
-1
0"
1303,ITEMNAME_1303,★Psc437,121,-1,42,420,0,"0
0
0
-1
0"
1304,ITEMNAME_1304,★Psc8773,121,-1,42,420,0,"0
0
0
-1
0"
1305,ITEMNAME_1305,★Lep1865,121,-1,42,420,0,"0
0
0
-1
0"
1306,ITEMNAME_1306,★Lep1829,121,-1,42,420,0,"0
0
0
-1
0"
1307,ITEMNAME_1307,★Boo5340,121,-1,42,420,0,"0
0
0
-1
0"
1308,ITEMNAME_1308,★Boo5506,121,-1,42,420,0,"0
0
0
-1
0"
1309,ITEMNAME_1309,★Boo5435,121,-1,42,420,0,"0
0
0
-1
0"
1310,ITEMNAME_1310,★Boo5602,121,-1,42,420,0,"0
0
0
-1
0"
1311,ITEMNAME_1311,★Boo5733,121,-1,42,420,0,"0
0
0
-1
0"
1312,ITEMNAME_1312,★Boo5235,121,-1,42,420,0,"0
0
0
-1
0"
1313,ITEMNAME_1313,★Boo5351,121,-1,42,420,0,"0
0
0
-1
0"
1314,ITEMNAME_1314,★Hya3748,121,-1,42,420,0,"0
0
0
-1
0"
1315,ITEMNAME_1315,★Hya3903,121,-1,42,420,0,"0
0
0
-1
0"
1316,ITEMNAME_1316,★Hya3418,121,-1,42,420,0,"0
0
0
-1
0"
1317,ITEMNAME_1317,★Hya3482,121,-1,42,420,0,"0
0
0
-1
0"
1318,ITEMNAME_1318,★Hya3845,121,-1,42,420,0,"0
0
0
-1
0"
1319,ITEMNAME_1319,★Eri1084,121,-1,42,420,0,"0
0
0
-1
0"
1320,ITEMNAME_1320,★Eri472,121,-1,42,420,0,"0
0
0
-1
0"
1321,ITEMNAME_1321,★Eri1666,121,-1,42,420,0,"0
0
0
-1
0"
1322,ITEMNAME_1322,★Eri897,121,-1,42,420,0,"0
0
0
-1
0"
1323,ITEMNAME_1323,★Eri1231,121,-1,42,420,0,"0
0
0
-1
0"
1324,ITEMNAME_1324,★Eri874,121,-1,42,420,0,"0
0
0
-1
0"
1325,ITEMNAME_1325,★Eri1298,121,-1,42,420,0,"0
0
0
-1
0"
1326,ITEMNAME_1326,★Eri1325,121,-1,42,420,0,"0
0
0
-1
0"
1327,ITEMNAME_1327,★Eri984,121,-1,42,420,0,"0
0
0
-1
0"
1328,ITEMNAME_1328,★Eri1464,121,-1,42,420,0,"0
0
0
-1
0"
1329,ITEMNAME_1329,★Eri1393,121,-1,42,420,0,"0
0
0
-1
0"
1330,ITEMNAME_1330,★Eri850,121,-1,42,420,0,"0
0
0
-1
0"
1331,ITEMNAME_1331,★Tau1409,121,-1,42,420,0,"0
0
0
-1
0"
1332,ITEMNAME_1332,★Tau1457,121,-1,42,420,0,"0
0
0
-1
0"
1333,ITEMNAME_1333,★Tau1165,121,-1,42,420,0,"0
0
0
-1
0"
1334,ITEMNAME_1334,★Tau1791,121,-1,42,420,0,"0
0
0
-1
0"
1335,ITEMNAME_1335,★Tau1910,121,-1,42,420,0,"0
0
0
-1
0"
1336,ITEMNAME_1336,★Tau1346,121,-1,42,420,0,"0
0
0
-1
0"
1337,ITEMNAME_1337,★Tau1373,121,-1,42,420,0,"0
0
0
-1
0"
1338,ITEMNAME_1338,★Tau1412,121,-1,42,420,0,"0
0
0
-1
0"
1339,ITEMNAME_1339,★CMa2491,121,-1,42,420,0,"0
0
0
-1
0"
1340,ITEMNAME_1340,★CMa2693,121,-1,42,420,0,"0
0
0
-1
0"
1341,ITEMNAME_1341,★CMa2294,121,-1,42,420,0,"0
0
0
-1
0"
1342,ITEMNAME_1342,★CMa2827,121,-1,42,420,0,"0
0
0
-1
0"
1343,ITEMNAME_1343,★CMa2282,121,-1,42,420,0,"0
0
0
-1
0"
1344,ITEMNAME_1344,★CMa2618,121,-1,42,420,0,"0
0
0
-1
0"
1345,ITEMNAME_1345,★CMa2657,121,-1,42,420,0,"0
0
0
-1
0"
1346,ITEMNAME_1346,★CMa2646,121,-1,42,420,0,"0
0
0
-1
0"
1347,ITEMNAME_1347,★UMa4905,121,-1,42,420,0,"0
0
0
-1
0"
1348,ITEMNAME_1348,★UMa4301,121,-1,42,420,0,"0
0
0
-1
0"
1349,ITEMNAME_1349,★UMa5191,121,-1,42,420,0,"0
0
0
-1
0"
1350,ITEMNAME_1350,★UMa5054,121,-1,42,420,0,"0
0
0
-1
0"
1351,ITEMNAME_1351,★UMa4295,121,-1,42,420,0,"0
0
0
-1
0"
1352,ITEMNAME_1352,★UMa4660,121,-1,42,420,0,"0
0
0
-1
0"
1353,ITEMNAME_1353,★UMa4554,121,-1,42,420,0,"0
0
0
-1
0"
1354,ITEMNAME_1354,★UMa4069,121,-1,42,420,0,"0
0
0
-1
0"
1355,ITEMNAME_1355,★UMa3569,121,-1,42,420,0,"0
0
0
-1
0"
1356,ITEMNAME_1356,★UMa3323,121,-1,42,420,0,"0
0
0
-1
0"
1357,ITEMNAME_1357,★UMa4033,121,-1,42,420,0,"0
0
0
-1
0"
1358,ITEMNAME_1358,★UMa4377,121,-1,42,420,0,"0
0
0
-1
0"
1359,ITEMNAME_1359,★UMa4375,121,-1,42,420,0,"0
0
0
-1
0"
1360,ITEMNAME_1360,★UMa4518,121,-1,42,420,0,"0
0
0
-1
0"
1361,ITEMNAME_1361,★UMa3594,121,-1,42,420,0,"0
0
0
-1
0"
1362,ITEMNAME_1362,★Vir5056,121,-1,42,420,0,"0
0
0
-1
0"
1363,ITEMNAME_1363,★Vir4825,121,-1,42,420,0,"0
0
0
-1
0"
1364,ITEMNAME_1364,★Vir4932,121,-1,42,420,0,"0
0
0
-1
0"
1365,ITEMNAME_1365,★Vir4540,121,-1,42,420,0,"0
0
0
-1
0"
1366,ITEMNAME_1366,★Vir4689,121,-1,42,420,0,"0
0
0
-1
0"
1367,ITEMNAME_1367,★Vir5338,121,-1,42,420,0,"0
0
0
-1
0"
1368,ITEMNAME_1368,★Vir4910,121,-1,42,420,0,"0
0
0
-1
0"
1369,ITEMNAME_1369,★Vir5315,121,-1,42,420,0,"0
0
0
-1
0"
1370,ITEMNAME_1370,★Vir5359,121,-1,42,420,0,"0
0
0
-1
0"
1371,ITEMNAME_1371,★Vir5409,121,-1,42,420,0,"0
0
0
-1
0"
1372,ITEMNAME_1372,★Vir5107,121,-1,42,420,0,"0
0
0
-1
0"
1373,ITEMNAME_1373,★Ari617,121,-1,42,420,0,"0
0
0
-1
0"
1374,ITEMNAME_1374,★Ari553,121,-1,42,420,0,"0
0
0
-1
0"
1375,ITEMNAME_1375,★Ari546,121,-1,42,420,0,"0
0
0
-1
0"
1376,ITEMNAME_1376,★Ari951,121,-1,42,420,0,"0
0
0
-1
0"
1377,ITEMNAME_1377,★Ori1713,121,-1,42,420,0,"0
0
0
-1
0"
1378,ITEMNAME_1378,★Ori2061,121,-1,42,420,0,"0
0
0
-1
0"
1379,ITEMNAME_1379,★Ori1790,121,-1,42,420,0,"0
0
0
-1
0"
1380,ITEMNAME_1380,★Ori1903,121,-1,42,420,0,"0
0
0
-1
0"
1381,ITEMNAME_1381,★Ori1948,121,-1,42,420,0,"0
0
0
-1
0"
1382,ITEMNAME_1382,★Ori2004,121,-1,42,420,0,"0
0
0
-1
0"
1383,ITEMNAME_1383,★Ori1852,121,-1,42,420,0,"0
0
0
-1
0"
1384,ITEMNAME_1384,★Ori1879,121,-1,42,420,0,"0
0
0
-1
0"
1385,ITEMNAME_1385,★Ori1899,121,-1,42,420,0,"0
0
0
-1
0"
1386,ITEMNAME_1386,★Ori1543,121,-1,42,420,0,"0
0
0
-1
0"
1387,ITEMNAME_1387,★Cas21,121,-1,42,420,0,"0
0
0
-1
0"
1388,ITEMNAME_1388,★Cas168,121,-1,42,420,0,"0
0
0
-1
0"
1389,ITEMNAME_1389,★Cas403,121,-1,42,420,0,"0
0
0
-1
0"
1390,ITEMNAME_1390,★Cas153,121,-1,42,420,0,"0
0
0
-1
0"
1391,ITEMNAME_1391,★Cas542,121,-1,42,420,0,"0
0
0
-1
0"
1392,ITEMNAME_1392,★Cas219,121,-1,42,420,0,"0
0
0
-1
0"
1393,ITEMNAME_1393,★Cas265,121,-1,42,420,0,"0
0
0
-1
0"
1394,ITEMNAME_1394,★Cnc3572,121,-1,42,420,0,"0
0
0
-1
0"
1395,ITEMNAME_1395,★Cnc3208,121,-1,42,420,0,"0
0
0
-1
0"
1396,ITEMNAME_1396,★Cnc3461,121,-1,42,420,0,"0
0
0
-1
0"
1397,ITEMNAME_1397,★Cnc3449,121,-1,42,420,0,"0
0
0
-1
0"
1398,ITEMNAME_1398,★Cnc3429,121,-1,42,420,0,"0
0
0
-1
0"
1399,ITEMNAME_1399,★Cnc3627,121,-1,42,420,0,"0
0
0
-1
0"
1400,ITEMNAME_1400,★Cnc3268,121,-1,42,420,0,"0
0
0
-1
0"
1401,ITEMNAME_1401,★Cnc3249,121,-1,42,420,0,"0
0
0
-1
0"
1402,ITEMNAME_1402,★Com4968,121,-1,42,420,0,"0
0
0
-1
0"
1403,ITEMNAME_1403,★Crv4757,121,-1,42,420,0,"0
0
0
-1
0"
1404,ITEMNAME_1404,★Crv4623,121,-1,42,420,0,"0
0
0
-1
0"
1405,ITEMNAME_1405,★Crv4662,121,-1,42,420,0,"0
0
0
-1
0"
1406,ITEMNAME_1406,★Crv4786,121,-1,42,420,0,"0
0
0
-1
0"
1407,ITEMNAME_1407,★Aur1708,121,-1,42,420,0,"0
0
0
-1
0"
1408,ITEMNAME_1408,★Aur2088,121,-1,42,420,0,"0
0
0
-1
0"
1409,ITEMNAME_1409,★Aur1605,121,-1,42,420,0,"0
0
0
-1
0"
1410,ITEMNAME_1410,★Aur2095,121,-1,42,420,0,"0
0
0
-1
0"
1411,ITEMNAME_1411,★Aur1577,121,-1,42,420,0,"0
0
0
-1
0"
1412,ITEMNAME_1412,★Aur1641,121,-1,42,420,0,"0
0
0
-1
0"
1413,ITEMNAME_1413,★Aur1612,121,-1,42,420,0,"0
0
0
-1
0"
1414,ITEMNAME_1414,★Pav7790,121,-1,42,420,0,"0
0
0
-1
0"
1415,ITEMNAME_1415,★Cet911,121,-1,42,420,0,"0
0
0
-1
0"
1416,ITEMNAME_1416,★Cet681,121,-1,42,420,0,"0
0
0
-1
0"
1417,ITEMNAME_1417,★Cet188,121,-1,42,420,0,"0
0
0
-1
0"
1418,ITEMNAME_1418,★Cet539,121,-1,42,420,0,"0
0
0
-1
0"
1419,ITEMNAME_1419,★Cet804,121,-1,42,420,0,"0
0
0
-1
0"
1420,ITEMNAME_1420,★Cep8974,121,-1,42,420,0,"0
0
0
-1
0"
1421,ITEMNAME_1421,★Cep8162,121,-1,42,420,0,"0
0
0
-1
0"
1422,ITEMNAME_1422,★Cep8238,121,-1,42,420,0,"0
0
0
-1
0"
1423,ITEMNAME_1423,★Cep8417,121,-1,42,420,0,"0
0
0
-1
0"
1424,ITEMNAME_1424,★Cen5267,121,-1,42,420,0,"0
0
0
-1
0"
1425,ITEMNAME_1425,★Cen5288,121,-1,42,420,0,"0
0
0
-1
0"
1426,ITEMNAME_1426,★Cen551,121,-1,42,420,0,"0
0
0
-1
0"
1427,ITEMNAME_1427,★Cen5459,121,-1,42,420,0,"0
0
0
-1
0"
1428,ITEMNAME_1428,★Cen5460,121,-1,42,420,0,"0
0
0
-1
0"
1429,ITEMNAME_1429,★CMi2943,121,-1,42,420,0,"0
0
0
-1
0"
1430,ITEMNAME_1430,★CMi2845,121,-1,42,420,0,"0
0
0
-1
0"
1431,ITEMNAME_1431,★Equ8131,121,-1,42,420,0,"0
0
0
-1
0"
1432,ITEMNAME_1432,★Vul7405,121,-1,42,420,0,"0
0
0
-1
0"
1433,ITEMNAME_1433,★UMi424,121,-1,42,420,0,"0
0
0
-1
0"
1434,ITEMNAME_1434,★UMi5563,121,-1,42,420,0,"0
0
0
-1
0"
1435,ITEMNAME_1435,★UMi5735,121,-1,42,420,0,"0
0
0
-1
0"
1436,ITEMNAME_1436,★UMi6789,121,-1,42,420,0,"0
0
0
-1
0"
1437,ITEMNAME_1437,★Crt4287,121,-1,42,420,0,"0
0
0
-1
0"
1438,ITEMNAME_1438,★Lyr7001,121,-1,42,420,0,"0
0
0
-1
0"
1439,ITEMNAME_1439,★Lyr7178,121,-1,42,420,0,"0
0
0
-1
0"
1440,ITEMNAME_1440,★Lyr7106,121,-1,42,420,0,"0
0
0
-1
0"
1441,ITEMNAME_1441,★Lyr7298,121,-1,42,420,0,"0
0
0
-1
0"
1442,ITEMNAME_1442,★Ara6585,121,-1,42,420,0,"0
0
0
-1
0"
1443,ITEMNAME_1443,★Sco6134,121,-1,42,420,0,"0
0
0
-1
0"
1444,ITEMNAME_1444,★Sco6527,121,-1,42,420,0,"0
0
0
-1
0"
1445,ITEMNAME_1445,★Sco6553,121,-1,42,420,0,"0
0
0
-1
0"
1446,ITEMNAME_1446,★Sco5953,121,-1,42,420,0,"0
0
0
-1
0"
1447,ITEMNAME_1447,★Sco5984,121,-1,42,420,0,"0
0
0
-1
0"
1448,ITEMNAME_1448,★Sco6508,121,-1,42,420,0,"0
0
0
-1
0"
1449,ITEMNAME_1449,★Sco6084,121,-1,42,420,0,"0
0
0
-1
0"
1450,ITEMNAME_1450,★Sco5944,121,-1,42,420,0,"0
0
0
-1
0"
1451,ITEMNAME_1451,★Sco6630,121,-1,42,420,0,"0
0
0
-1
0"
1452,ITEMNAME_1452,★Sco6027,121,-1,42,420,0,"0
0
0
-1
0"
1453,ITEMNAME_1453,★Sco6247,121,-1,42,420,0,"0
0
0
-1
0"
1454,ITEMNAME_1454,★Sco6252,121,-1,42,420,0,"0
0
0
-1
0"
1455,ITEMNAME_1455,★Sco5928,121,-1,42,420,0,"0
0
0
-1
0"
1456,ITEMNAME_1456,★Sco6241,121,-1,42,420,0,"0
0
0
-1
0"
1457,ITEMNAME_1457,★Sco6165,121,-1,42,420,0,"0
0
0
-1
0"
1458,ITEMNAME_1458,★Tri544,121,-1,42,420,0,"0
0
0
-1
0"
1459,ITEMNAME_1459,★Leo3982,121,-1,42,420,0,"0
0
0
-1
0"
1460,ITEMNAME_1460,★Leo4534,121,-1,42,420,0,"0
0
0
-1
0"
1461,ITEMNAME_1461,★Leo4357,121,-1,42,420,0,"0
0
0
-1
0"
1462,ITEMNAME_1462,★Leo4057,121,-1,42,420,0,"0
0
0
-1
0"
1463,ITEMNAME_1463,★Leo4359,121,-1,42,420,0,"0
0
0
-1
0"
1464,ITEMNAME_1464,★Leo4031,121,-1,42,420,0,"0
0
0
-1
0"
1465,ITEMNAME_1465,★Leo3852,121,-1,42,420,0,"0
0
0
-1
0"
1466,ITEMNAME_1466,★Leo3905,121,-1,42,420,0,"0
0
0
-1
0"
1467,ITEMNAME_1467,★Leo3773,121,-1,42,420,0,"0
0
0
-1
0"
1468,ITEMNAME_1468,★Gru8425,121,-1,42,420,0,"0
0
0
-1
0"
1469,ITEMNAME_1469,★Gru8636,121,-1,42,420,0,"0
0
0
-1
0"
1470,ITEMNAME_1470,★Gru8353,121,-1,42,420,0,"0
0
0
-1
0"
1471,ITEMNAME_1471,★Lib5685,121,-1,42,420,0,"0
0
0
-1
0"
1472,ITEMNAME_1472,★Lib5531,121,-1,42,420,0,"0
0
0
-1
0"
1473,ITEMNAME_1473,★Lib5787,121,-1,42,420,0,"0
0
0
-1
0"
1474,ITEMNAME_1474,★Lib5603,121,-1,42,420,0,"0
0
0
-1
0"
1475,ITEMNAME_1475,★Pup3165,121,-1,42,420,0,"0
0
0
-1
0"
1476,ITEMNAME_1476,★Pup3185,121,-1,42,420,0,"0
0
0
-1
0"
1477,ITEMNAME_1477,★Pup3045,121,-1,42,420,0,"0
0
0
-1
0"
1478,ITEMNAME_1478,★Cyg7924,121,-1,42,420,0,"0
0
0
-1
0"
1479,ITEMNAME_1479,★Cyg7417,121,-1,42,420,0,"0
0
0
-1
0"
1480,ITEMNAME_1480,★Cyg7796,121,-1,42,420,0,"0
0
0
-1
0"
1481,ITEMNAME_1481,★Cyg8301,121,-1,42,420,0,"0
0
0
-1
0"
1482,ITEMNAME_1482,★Cyg7949,121,-1,42,420,0,"0
0
0
-1
0"
1483,ITEMNAME_1483,★Cyg7528,121,-1,42,420,0,"0
0
0
-1
0"
1484,ITEMNAME_1484,★Oct7228,121,-1,42,420,0,"0
0
0
-1
0"
1485,ITEMNAME_1485,★Col1956,121,-1,42,420,0,"0
0
0
-1
0"
1486,ITEMNAME_1486,★Col2040,121,-1,42,420,0,"0
0
0
-1
0"
1487,ITEMNAME_1487,★Col2177,121,-1,42,420,0,"0
0
0
-1
0"
1488,ITEMNAME_1488,★Gem2990,121,-1,42,420,0,"0
0
0
-1
0"
1489,ITEMNAME_1489,★Gem2891,121,-1,42,420,0,"0
0
0
-1
0"
1490,ITEMNAME_1490,★Gem2421,121,-1,42,420,0,"0
0
0
-1
0"
1491,ITEMNAME_1491,★Gem2473,121,-1,42,420,0,"0
0
0
-1
0"
1492,ITEMNAME_1492,★Gem2216,121,-1,42,420,0,"0
0
0
-1
0"
1493,ITEMNAME_1493,★Gem2777,121,-1,42,420,0,"0
0
0
-1
0"
1494,ITEMNAME_1494,★Gem2650,121,-1,42,420,0,"0
0
0
-1
0"
1495,ITEMNAME_1495,★Gem2286,121,-1,42,420,0,"0
0
0
-1
0"
1496,ITEMNAME_1496,★Gem2484,121,-1,42,420,0,"0
0
0
-1
0"
1497,ITEMNAME_1497,★Gem2930,121,-1,42,420,0,"0
0
0
-1
0"
1498,ITEMNAME_1498,★Peg8775,121,-1,42,420,0,"0
0
0
-1
0"
1499,ITEMNAME_1499,★Peg8781,121,-1,42,420,0,"0
0
0
-1
0"
1500,ITEMNAME_1500,★Peg39,121,-1,42,420,0,"0
0
0
-1
0"
1501,ITEMNAME_1501,★Peg8308,121,-1,42,420,0,"0
0
0
-1
0"
1502,ITEMNAME_1502,★Peg8650,121,-1,42,420,0,"0
0
0
-1
0"
1503,ITEMNAME_1503,★Peg8634,121,-1,42,420,0,"0
0
0
-1
0"
1504,ITEMNAME_1504,★Peg8684,121,-1,42,420,0,"0
0
0
-1
0"
1505,ITEMNAME_1505,★Peg8450,121,-1,42,420,0,"0
0
0
-1
0"
1506,ITEMNAME_1506,★Peg8880,121,-1,42,420,0,"0
0
0
-1
0"
1507,ITEMNAME_1507,★Peg8905,121,-1,42,420,0,"0
0
0
-1
0"
1508,ITEMNAME_1508,★Oph6556,121,-1,42,420,0,"0
0
0
-1
0"
1509,ITEMNAME_1509,★Oph6378,121,-1,42,420,0,"0
0
0
-1
0"
1510,ITEMNAME_1510,★Oph6603,121,-1,42,420,0,"0
0
0
-1
0"
1511,ITEMNAME_1511,★Oph6149,121,-1,42,420,0,"0
0
0
-1
0"
1512,ITEMNAME_1512,★Oph6056,121,-1,42,420,0,"0
0
0
-1
0"
1513,ITEMNAME_1513,★Oph6075,121,-1,42,420,0,"0
0
0
-1
0"
1514,ITEMNAME_1514,★Ser5854,121,-1,42,420,0,"0
0
0
-1
0"
1515,ITEMNAME_1515,★Ser7141,121,-1,42,420,0,"0
0
0
-1
0"
1516,ITEMNAME_1516,★Ser5879,121,-1,42,420,0,"0
0
0
-1
0"
1517,ITEMNAME_1517,★Her6406,121,-1,42,420,0,"0
0
0
-1
0"
1518,ITEMNAME_1518,★Her6148,121,-1,42,420,0,"0
0
0
-1
0"
1519,ITEMNAME_1519,★Her6410,121,-1,42,420,0,"0
0
0
-1
0"
1520,ITEMNAME_1520,★Her6526,121,-1,42,420,0,"0
0
0
-1
0"
1521,ITEMNAME_1521,★Her6117,121,-1,42,420,0,"0
0
0
-1
0"
1522,ITEMNAME_1522,★Her6008,121,-1,42,420,0,"0
0
0
-1
0"
1523,ITEMNAME_1523,★Per936,121,-1,42,420,0,"0
0
0
-1
0"
1524,ITEMNAME_1524,★Per1017,121,-1,42,420,0,"0
0
0
-1
0"
1525,ITEMNAME_1525,★Per1131,121,-1,42,420,0,"0
0
0
-1
0"
1526,ITEMNAME_1526,★Per1228,121,-1,42,420,0,"0
0
0
-1
0"
1527,ITEMNAME_1527,★Per834,121,-1,42,420,0,"0
0
0
-1
0"
1528,ITEMNAME_1528,★Per941,121,-1,42,420,0,"0
0
0
-1
0"
1529,ITEMNAME_1529,★Phe99,121,-1,42,420,0,"0
0
0
-1
0"
1530,ITEMNAME_1530,★Phe338,121,-1,42,420,0,"0
0
0
-1
0"
1531,ITEMNAME_1531,★Vel3634,121,-1,42,420,0,"0
0
0
-1
0"
1532,ITEMNAME_1532,★Vel3485,121,-1,42,420,0,"0
0
0
-1
0"
1533,ITEMNAME_1533,★Vel3734,121,-1,42,420,0,"0
0
0
-1
0"
1534,ITEMNAME_1534,★Aqr8232,121,-1,42,420,0,"0
0
0
-1
0"
1535,ITEMNAME_1535,★Aqr8414,121,-1,42,420,0,"0
0
0
-1
0"
1536,ITEMNAME_1536,★Aqr8709,121,-1,42,420,0,"0
0
0
-1
0"
1537,ITEMNAME_1537,★Aqr8518,121,-1,42,420,0,"0
0
0
-1
0"
1538,ITEMNAME_1538,★Aqr7950,121,-1,42,420,0,"0
0
0
-1
0"
1539,ITEMNAME_1539,★Aqr8499,121,-1,42,420,0,"0
0
0
-1
0"
1540,ITEMNAME_1540,★Aqr8610,121,-1,42,420,0,"0
0
0
-1
0"
1541,ITEMNAME_1541,★Aqr8264,121,-1,42,420,0,"0
0
0
-1
0"
1542,ITEMNAME_1542,★Cru4853,121,-1,42,420,0,"0
0
0
-1
0"
1543,ITEMNAME_1543,★Cru4730,121,-1,42,420,0,"0
0
0
-1
0"
1544,ITEMNAME_1544,★Cru4763,121,-1,42,420,0,"0
0
0
-1
0"
1545,ITEMNAME_1545,★Cru4700,121,-1,42,420,0,"0
0
0
-1
0"
1546,ITEMNAME_1546,★Cru4656,121,-1,42,420,0,"0
0
0
-1
0"
1547,ITEMNAME_1547,★PsA8728,121,-1,42,420,0,"0
0
0
-1
0"
1548,ITEMNAME_1548,★TrA6217,121,-1,42,420,0,"0
0
0
-1
0"
1549,ITEMNAME_1549,★Cap7776,121,-1,42,420,0,"0
0
0
-1
0"
1550,ITEMNAME_1550,★Cap7754,121,-1,42,420,0,"0
0
0
-1
0"
1551,ITEMNAME_1551,★Cap8278,121,-1,42,420,0,"0
0
0
-1
0"
1552,ITEMNAME_1552,★Cap8322,121,-1,42,420,0,"0
0
0
-1
0"
1553,ITEMNAME_1553,★Cap7773,121,-1,42,420,0,"0
0
0
-1
0"
1554,ITEMNAME_1554,★Sge7479,121,-1,42,420,0,"0
0
0
-1
0"
1555,ITEMNAME_1555,★Car2326,121,-1,42,420,0,"0
0
0
-1
0"
1556,ITEMNAME_1556,★Car3685,121,-1,42,420,0,"0
0
0
-1
0"
1557,ITEMNAME_1557,★Car3307,121,-1,42,420,0,"0
0
0
-1
0"
1558,ITEMNAME_1558,★Car3699,121,-1,42,420,0,"0
0
0
-1
0"
1559,ITEMNAME_1559,★Dra5744,121,-1,42,420,0,"0
0
0
-1
0"
1560,ITEMNAME_1560,★Dra5291,121,-1,42,420,0,"0
0
0
-1
0"
1561,ITEMNAME_1561,★Dra6705,121,-1,42,420,0,"0
0
0
-1
0"
1562,ITEMNAME_1562,★Dra6536,121,-1,42,420,0,"0
0
0
-1
0"
1563,ITEMNAME_1563,★Dra7310,121,-1,42,420,0,"0
0
0
-1
0"
1564,ITEMNAME_1564,★Dra6688,121,-1,42,420,0,"0
0
0
-1
0"
1565,ITEMNAME_1565,★Dra4434,121,-1,42,420,0,"0
0
0
-1
0"
1566,ITEMNAME_1566,★Dra6370,121,-1,42,420,0,"0
0
0
-1
0"
1567,ITEMNAME_1567,★Dra7462,121,-1,42,420,0,"0
0
0
-1
0"
1568,ITEMNAME_1568,★Dra6396,121,-1,42,420,0,"0
0
0
-1
0"
1569,ITEMNAME_1569,★Dra6132,121,-1,42,420,0,"0
0
0
-1
0"
1570,ITEMNAME_1570,★Dra6636,121,-1,42,420,0,"0
0
0
-1
0"
1571,ITEMNAME_1571,★CVn4915,121,-1,42,420,0,"0
0
0
-1
0"
1572,ITEMNAME_1572,★CVn4785,121,-1,42,420,0,"0
0
0
-1
0"
1573,ITEMNAME_1573,★CVn4846,121,-1,42,420,0,"0
0
0
-1
0"
1574,ITEMNAME_1574,★Aql7595,121,-1,42,420,0,"0
0
0
-1
0"
1575,ITEMNAME_1575,★Aql7557,121,-1,42,420,0,"0
0
0
-1
0"
1576,ITEMNAME_1576,★Aql7525,121,-1,42,420,0,"0
0
0
-1
0"
1577,ITEMNAME_1577,★Aql7602,121,-1,42,420,0,"0
0
0
-1
0"
1578,ITEMNAME_1578,★Aql7235,121,-1,42,420,0,"0
0
0
-1
0"
1579,ITEMNAME_1579,Mielemax,121,-1,42,420,0,"0
0
1
-1
0"
1580,ITEMNAME_1580,Fungomax,121,-1,42,420,0,"0
0
0
-1
0"
1581,ITEMNAME_1581,Ramo Galarnoce,121,-1,42,420,0,"0
0
0
-1
0"
1582,ITEMNAME_1582,Fascia Galarnoce,121,-1,42,420,0,"1
0
0
-1
0"
1583,ITEMNAME_1583,Tessera chic,121,-1,42,420,0,"1
0
0
-1
0"
1584,ITEMNAME_1584,Pass Armatura,121,-1,42,420,0,"0
0
0
-1
0"
1585,ITEMNAME_1585,Bici Rotom,121,-1,42,420,0,"1
0
0
-1
0"
1586,ITEMNAME_1586,Bici Rotom,121,-1,42,420,0,"1
0
0
-1
0"
1587,ITEMNAME_1587,Esperienzamuleto,121,-1,42,420,0,"0
0
0
-1
0"
1588,ITEMNAME_1588,Rocciarmatura,121,-1,42,420,0,"1
0
0
-1
0"
1589,ITEMNAME_1589,Emblemamuleto,121,-1,42,420,0,"0
0
0
-1
0"
1590,ITEMNAME_1590,Briglie legame,121,-1,42,420,0,"1
0
2
-1
0"
1591,ITEMNAME_1591,Briglie legame,121,-1,42,420,0,"1
0
2
-1
0"
1592,ITEMNAME_1592,Corona Galarnoce,121,-1,42,420,0,"1
0
0
-1
0"
1593,ITEMNAME_1593,Leggenda 1,121,-1,42,420,0,"1
0
0
-1
0"
1594,ITEMNAME_1594,Leggenda 2,121,-1,42,420,0,"1
0
0
-1
0"
1595,ITEMNAME_1595,Leggenda 3,121,-1,42,420,0,"1
0
0
-1
0"
1596,ITEMNAME_1596,Leggenda ?,121,-1,42,420,0,"1
0
0
-1
0"
1597,ITEMNAME_1597,Pass Corona,121,-1,42,420,0,"0
0
0
-1
0"
1598,ITEMNAME_1598,Corona di legno,121,-1,42,420,0,"1
0
0
-1
0"
1599,ITEMNAME_1599,Petalo lucente,121,-1,42,420,0,"0
0
0
-1
0"
1600,ITEMNAME_1600,Crini bianchi,121,-1,42,420,0,"0
0
2
-1
0"
1601,ITEMNAME_1601,Crini neri,121,-1,42,420,0,"0
0
2
-1
0"
1602,ITEMNAME_1602,Carota algida,121,-1,42,420,0,"1
0
0
-1
0"
1603,ITEMNAME_1603,Carota oscura,121,-1,42,420,0,"1
0
0
-1
0"
1604,ITEMNAME_1604,Rocciamax,121,-1,42,420,0,"1
0
0
-1
0"
1605,ITEMNAME_1605,Semi di carota,121,-1,42,420,0,"0
0
2
-1
0"
1606,ITEMNAME_1606,Cerotto abilità,121,-1,42,420,0,"0
0
0
-1
0"
1607,ITEMNAME_1607,Briglie legame,121,-1,42,420,0,"1
0
2
-1
0"
0,,,0,0,0,0,0,
0,,,0,0,0,0,0,
0,,,0,0,0,0,0,
0,,,0,0,0,0,0,
0,,,0,0,0,0,0,
0,,,0,0,0,0,0,
0,,,0,0,0,0,0,
0,,,0,0,0,0,0,
0,,,0,0,0,0,0,
0,,,0,0,0,0,0,
0,,,0,0,0,0,0,
0,,,0,0,0,0,0,
0,,,0,0,0,0,0,
0,,,0,0,0,0,0,
0,,,0,0,0,0,0,
0,,,0,0,0,0,0,
0,,,0,0,0,0,0,
0,,,0,0,0,0,0,
0,,,0,0,0,0,0,
0,,,0,0,0,0,0,
0,,,0,0,0,0,0,
0,,,0,0,0,0,0,
0,,,0,0,0,0,0,
0,,,0,0,0,0,0,
0,,,0,0,0,0,0,
0,,,0,0,0,0,0,
0,,,0,0,0,0,0,
0,,,0,0,0,0,0,
0,,,0,0,0,0,0,
0,,,0,0,0,0,0,
0,,,0,0,0,0,0,
0,,,0,0,0,0,0,
0,,,0,0,0,0,0,
0,,,0,0,0,0,0,
0,,,0,0,0,0,0,
0,,,0,0,0,0,0,
0,,,0,0,0,0,0,
0,,,0,0,0,0,0,
0,,,0,0,0,0,0,
0,,,0,0,0,0,0,
0,,,0,0,0,0,0,
0,,,0,0,0,0,0,
0,,,0,0,0,0,0,
0,,,0,0,0,0,0,
0,,,0,0,0,0,0,
0,,,0,0,0,0,0,
0,,,0,0,0,0,0,
0,,,0,0,0,0,0,
0,,,0,0,0,0,0,
0,,,0,0,0,0,0,
0,,,0,0,0,0,0,
0,,,0,0,0,0,0,
0,,,0,0,0,0,0,
0,,,0,0,0,0,0,
0,,,0,0,0,0,0,
0,,,0,0,0,0,0,
0,,,0,0,0,0,0,
0,,,0,0,0,0,0,
0,,,0,0,0,0,0,
0,,,0,0,0,0,0,
0,,,0,0,0,0,0,
0,,,0,0,0,0,0,
0,,,0,0,0,0,0,
0,,,0,0,0,0,0,
0,,,0,0,0,0,0,
0,,,0,0,0,0,0,
0,,,0,0,0,0,0,
0,,,0,0,0,0,0,
0,,,0,0,0,0,0,
0,,,0,0,0,0,0,
0,,,0,0,0,0,0,
0,,,0,0,0,0,0,
0,,,0,0,0,0,0,
0,,,0,0,0,0,0,
0,,,0,0,0,0,0,
0,,,0,0,0,0,0,
0,,,0,0,0,0,0,
0,,,0,0,0,0,0,
0,,,0,0,0,0,0,
0,,,0,0,0,0,0,
0,,,0,0,0,0,0,
0,,,0,0,0,0,0,
0,,,0,0,0,0,0,
0,,,0,0,0,0,0,
0,,,0,0,0,0,0,
0,,,0,0,0,0,0,
0,,,0,0,0,0,0,
0,,,0,0,0,0,0,
0,,,0,0,0,0,0,
0,,,0,0,0,0,0,
0,,,0,0,0,0,0,
0,,,0,0,0,0,0,
0,,,0,0,0,0,0,
0,,,0,0,0,0,0,
0,,,0,0,0,0,0,
0,,,0,0,0,0,0,
0,,,0,0,0,0,0,
0,,,0,0,0,0,0,
0,,,0,0,0,0,0,
0,,,0,0,0,0,0,
0,,,0,0,0,0,0,
0,,,0,0,0,0,0,
0,,,0,0,0,0,0,
0,,,0,0,0,0,0,
0,,,0,0,0,0,0,
0,,,0,0,0,0,0,
0,,,0,0,0,0,0,
0,,,0,0,0,0,0,
0,,,0,0,0,0,0,
0,,,0,0,0,0,0,
0,,,0,0,0,0,0,
0,,,0,0,0,0,0,
0,,,0,0,0,0,0,
0,,,0,0,0,0,0,
0,,,0,0,0,0,0,
0,,,0,0,0,0,0,
0,,,0,0,0,0,0,
0,,,0,0,0,0,0,
0,,,0,0,0,0,0,
0,,,0,0,0,0,0,
0,,,0,0,0,0,0,
0,,,0,0,0,0,0,
0,,,0,0,0,0,0,
0,,,0,0,0,0,0,
0,,,0,0,0,0,0,
0,,,0,0,0,0,0,
0,,,0,0,0,0,0,
0,,,0,0,0,0,0,
0,,,0,0,0,0,0,
0,,,0,0,0,0,0,
0,,,0,0,0,0,0,
0,,,0,0,0,0,0,
0,,,0,0,0,0,0,
0,,,0,0,0,0,0,
0,,,0,0,0,0,0,
0,,,0,0,0,0,0,
0,,,0,0,0,0,0,
0,,,0,0,0,0,0,
0,,,0,0,0,0,0,
0,,,0,0,0,0,0,
0,,,0,0,0,0,0,
0,,,0,0,0,0,0,
0,,,0,0,0,0,0,
0,,,0,0,0,0,0,
0,,,0,0,0,0,0,
0,,,0,0,0,0,0,
0,,,0,0,0,0,0,
0,,,0,0,0,0,0,
0,,,0,0,0,0,0,
0,,,0,0,0,0,0,
0,,,0,0,0,0,0,
0,,,0,0,0,0,0,
0,,,0,0,0,0,0,
0,,,0,0,0,0,0,
0,,,0,0,0,0,0,
0,,,0,0,0,0,0,
0,,,0,0,0,0,0,
0,,,0,0,0,0,0,
0,,,0,0,0,0,0,
0,,,0,0,0,0,0,
0,,,0,0,0,0,0,
0,,,0,0,0,0,0,
0,,,0,0,0,0,0,
0,,,0,0,0,0,0,
0,,,0,0,0,0,0,
0,,,0,0,0,0,0,
0,,,0,0,0,0,0,
0,,,0,0,0,0,0,
0,,,0,0,0,0,0,
0,,,0,0,0,0,0,
0,,,0,0,0,0,0,
0,,,0,0,0,0,0,
0,,,0,0,0,0,0,
0,,,0,0,0,0,0,
0,,,0,0,0,0,0,
0,,,0,0,0,0,0,
0,,,0,0,0,0,0,
0,,,0,0,0,0,0,
0,,,0,0,0,0,0,
0,,,0,0,0,0,0,
0,,,0,0,0,0,0,
0,,,0,0,0,0,0,
0,,,0,0,0,0,0,
0,,,0,0,0,0,0,
0,,,0,0,0,0,0,
0,,,0,0,0,0,0,
0,,,0,0,0,0,0,
0,,,0,0,0,0,0,
0,,,0,0,0,0,0,
0,,,0,0,0,0,0,
0,,,0,0,0,0,0,
0,,,0,0,0,0,0,
0,,,0,0,0,0,0,
0,,,0,0,0,0,0,
0,,,0,0,0,0,0,
0,,,0,0,0,0,0,
0,,,0,0,0,0,0,
0,,,0,0,0,0,0,
0,,,0,0,0,0,0,
0,,,0,0,0,0,0,
1608,ITEMNAME_1608,Frammento insolito S,125,-1,42,504,0,"0
0
0
-1
0"
1609,ITEMNAME_1609,Frammento insolito L,125,-1,42,504,0,"0
0
0
-1
0"
1610,ITEMNAME_1610,Trivella,125,-1,42,504,0,"1
0
0
-1
0"
1611,ITEMNAME_1611,Exp. Share,125,-1,42,504,0,"-1
0
0
-1
0"
1612,ITEMNAME_1612,Piastra di Johto,125,-1,42,504,0,"1
0
0
-1
0"
1613,ITEMNAME_1613,Piastra del cuore,125,-1,42,504,0,"1
0
0
-1
0"
1614,ITEMNAME_1614,Piastra arcobaleno,125,-1,42,504,0,"1
0
0
-1
0"
1615,ITEMNAME_1615,Piastra dei venti,125,-1,42,504,0,"1
0
0
-1
0"
1616,ITEMNAME_1616,Piastra dei mari,125,-1,42,504,0,"1
0
0
-1
0"
1617,ITEMNAME_1617,Piastra delle terre,125,-1,42,504,0,"1
0
0
-1
0"
1618,ITEMNAME_1618,Piastra dei cieli,125,-1,42,504,0,"1
0
0
-1
0"
1619,ITEMNAME_1619,Piastra del gene,125,-1,42,504,0,"1
0
0
-1
0"
1620,ITEMNAME_1620,Piastra degli esordi,125,-1,42,504,0,"1
0
0
-1
0"
1621,ITEMNAME_1621,Piastra distorta,125,-1,42,504,0,"1
0
0
-1
0"
1622,ITEMNAME_1622,Lettore DS,121,-1,42,420,0,"0
0
0
-1
0"
1623,ITEMNAME_1623,GS Ball,121,-1,42,420,0,"-1
0
0
-1
0"
1624,ITEMINFO_1624,Strano Invito,121,-1,42,420,0,"-1
0
2
-1
0"
1625,ITEMNAME_1625,Caramella Eterna,121,-1,42,420,0,"-1
0
2
-1
0"
1626,ITEMNAME_1626,Medaglia Vento,121,-1,42,420,0,"-1
0
2
-1
0"
1627,ITEMNAME_1627,Medaglia Zanna,121,-1,42,420,0,"-1
0
2
-1
0"
1628,ITEMNAME_1628,Medaglia Acido,121,-1,42,420,0,"-1
0
2
-1
0"
1629,ITEMNAME_1629,Medaglia Ombra,121,-1,42,420,0,"-1
0
2
-1
0"
1630,ITEMNAME_1630,Medaglia Generale,121,-1,42,420,0,"-1
0
2
-1
0"
1631,ITEMNAME_1631,Medaglia Luna,121,-1,42,420,0,"-1
0
2
-1
0"
1632,ITEMNAME_1632,Ala d'Argento,121,-1,42,420,0,"-1
0
0
-1
0"
1633,ITEMNAME_1633,Shaymincenso,121,-1,42,420,0,"-1
0
0
-1
0"
1634,ITEMNAME_1634,Armatura di Mewtwo,121,-1,42,420,0,"-1
0
0
-1
0"
1635,ITEMNAME_1635,Repellente Perpetuo,121,-1,42,420,0,"-1
0
0
-1
0"
1636,ITEMNAME_1636,(Old) Armatura di Mewtwo,121,-1,42,420,0,"-1
0
0
-1
0"
